,dates,values
0,2010-01-01,5.999999999999999
1,2010-01-02,7.1
2,2010-01-03,23.0
3,2010-01-04,25.599999999999998
4,2010-01-05,28.599999999999998
5,2010-01-06,17.7
6,2010-01-07,18.0
7,2010-01-08,21.8
8,2010-01-09,25.4
9,2010-01-10,22.599999999999998
10,2010-01-11,20.0
11,2010-01-12,20.799999999999997
12,2010-01-13,20.799999999999997
13,2010-01-14,14.499999999999998
14,2010-01-15,16.1
15,2010-01-16,18.999999999999996
16,2010-01-17,21.2
17,2010-01-18,20.7
18,2010-01-19,18.9
19,2010-01-20,19.099999999999998
20,2010-01-21,18.3
21,2010-01-22,19.699999999999996
22,2010-01-23,19.4
23,2010-01-24,17.599999999999998
24,2010-01-25,16.099999999999998
25,2010-01-26,17.2
26,2010-01-27,12.8
27,2010-01-28,14.4
28,2010-01-29,11.4
29,2010-01-30,15.0
30,2010-01-31,8.7
31,2010-02-01,8.8
32,2010-02-02,8.700000000000001
33,2010-02-03,10.6
34,2010-02-04,12.1
35,2010-02-05,11.0
36,2010-02-06,8.000000000000002
37,2010-02-07,8.0
38,2010-02-08,13.600000000000001
39,2010-02-09,13.299999999999999
40,2010-02-10,14.000000000000002
41,2010-02-11,14.6
42,2010-02-12,13.299999999999999
43,2010-02-13,10.7
44,2010-02-14,8.1
45,2010-02-15,6.6
46,2010-02-16,14.6
47,2010-02-17,14.4
48,2010-02-18,14.8
49,2010-02-19,11.4
50,2010-02-20,13.3
51,2010-02-21,14.299999999999999
52,2010-02-22,14.3
53,2010-02-23,11.2
54,2010-02-24,8.6
55,2010-02-25,7.699999999999999
56,2010-02-26,11.799999999999999
57,2010-02-27,10.4
58,2010-02-28,6.8
59,2010-03-01,5.3999999999999995
60,2010-03-02,3.6
61,2010-03-03,7.6000000000000005
62,2010-03-04,11.199999999999998
63,2010-03-05,5.3999999999999995
64,2010-03-06,8.0
65,2010-03-07,7.5
66,2010-03-08,10.299999999999999
67,2010-03-09,12.1
68,2010-03-10,11.299999999999999
69,2010-03-11,8.399999999999999
70,2010-03-12,9.1
71,2010-03-13,8.1
72,2010-03-14,7.7
73,2010-03-15,7.8999999999999995
74,2010-03-16,10.5
75,2010-03-17,10.799999999999999
76,2010-03-18,10.899999999999999
77,2010-03-19,10.399999999999999
78,2010-03-20,10.9
79,2010-03-21,10.299999999999999
80,2010-03-22,9.2
81,2010-03-23,9.2
82,2010-03-24,10.299999999999999
83,2010-03-25,9.4
84,2010-03-26,9.200000000000001
85,2010-03-27,8.9
86,2010-03-28,8.9
87,2010-03-29,6.6
88,2010-03-30,4.799999999999999
89,2010-03-31,5.2
90,2010-04-01,8.6
91,2010-04-02,8.0
92,2010-04-03,7.7
93,2010-04-04,7.0
94,2010-04-05,6.3
95,2010-04-06,3.6
96,2010-04-07,3.8000000000000003
97,2010-04-08,6.199999999999999
98,2010-04-09,6.699999999999999
99,2010-04-10,6.8
100,2010-04-11,4.6
101,2010-04-12,2.9
102,2010-04-13,7.299999999999999
103,2010-04-14,7.199999999999999
104,2010-04-15,6.5
105,2010-04-16,6.699999999999999
106,2010-04-17,5.7
107,2010-04-18,6.199999999999999
108,2010-04-19,5.300000000000001
109,2010-04-20,5.800000000000001
110,2010-04-21,6.3
111,2010-04-22,6.3999999999999995
112,2010-04-23,6.6
113,2010-04-24,3.7000000000000006
114,2010-04-25,3.2
115,2010-04-26,6.199999999999999
116,2010-04-27,2.8
117,2010-04-28,6.6
118,2010-04-29,6.0
119,2010-04-30,5.8
120,2010-05-01,5.699999999999999
121,2010-05-02,5.6
122,2010-05-03,4.699999999999999
123,2010-05-04,3.5000000000000004
124,2010-05-05,4.3999999999999995
125,2010-05-06,4.3
126,2010-05-07,4.8999999999999995
127,2010-05-08,4.999999999999999
128,2010-05-09,4.999999999999999
129,2010-05-10,4.999999999999999
130,2010-05-11,4.3999999999999995
131,2010-05-12,4.6
132,2010-05-13,4.3999999999999995
133,2010-05-14,4.6
134,2010-05-15,4.3999999999999995
135,2010-05-16,4.3
136,2010-05-17,1.7
137,2010-05-18,2.4
138,2010-05-19,2.6999999999999997
139,2010-05-20,2.5
140,2010-05-21,2.0
141,2010-05-22,2.7
142,2010-05-23,3.1
143,2010-05-24,2.3
144,2010-05-25,2.1999999999999997
145,2010-05-26,2.1
146,2010-05-27,3.0
147,2010-05-28,2.7
148,2010-05-29,1.9
149,2010-05-30,2.5
150,2010-05-31,2.9
151,2010-06-01,3.6
152,2010-06-02,2.4
153,2010-06-03,2.6
154,2010-06-04,2.9
155,2010-06-05,4.3
156,2010-06-06,3.8000000000000003
157,2010-06-07,4.0
158,2010-06-08,4.0
159,2010-06-09,3.5
160,2010-06-10,4.0
161,2010-06-11,3.4
162,2010-06-12,3.9000000000000004
163,2010-06-13,3.4
164,2010-06-14,2.6999999999999997
165,2010-06-15,3.7
166,2010-06-16,3.7
167,2010-06-17,1.0
168,2010-06-18,3.8000000000000003
169,2010-06-19,3.9000000000000004
170,2010-06-20,4.0
171,2010-06-21,3.8000000000000003
172,2010-06-22,2.0
173,2010-06-23,3.3
174,2010-06-24,2.1999999999999997
175,2010-06-25,2.4
176,2010-06-26,1.9000000000000001
177,2010-06-27,3.7
178,2010-06-28,3.8
179,2010-06-29,4.0
180,2010-06-30,3.9000000000000004
181,2010-07-01,1.5
182,2010-07-02,2.0999999999999996
183,2010-07-03,3.2
184,2010-07-04,3.1999999999999997
185,2010-07-05,2.1999999999999997
186,2010-07-06,2.5
187,2010-07-07,1.9999999999999998
188,2010-07-08,2.9
189,2010-07-09,3.3
190,2010-07-10,3.7
191,2010-07-11,2.0999999999999996
192,2010-07-12,2.9
193,2010-07-13,3.1000000000000005
194,2010-07-14,3.2
195,2010-07-15,6.799999999999999
196,2010-07-16,9.499999999999998
197,2010-07-17,8.0
198,2010-07-18,6.999999999999999
199,2010-07-19,3.5
200,2010-07-20,3.8000000000000003
201,2010-07-21,4.6
202,2010-07-22,5.8999999999999995
203,2010-07-23,5.000000000000001
204,2010-07-24,4.3999999999999995
205,2010-07-25,3.9000000000000004
206,2010-07-26,4.7
207,2010-07-27,5.1000000000000005
208,2010-07-28,2.6
209,2010-07-29,3.0
210,2010-07-30,5.5
211,2010-07-31,6.499999999999999
212,2010-08-01,56.300000000000004
213,2010-08-02,26.4
214,2010-08-03,9.0
215,2010-08-04,16.900000000000002
216,2010-08-05,9.899999999999999
217,2010-08-06,9.399999999999999
218,2010-08-07,8.9
219,2010-08-08,9.2
220,2010-08-09,7.8
221,2010-08-10,2.7
222,2010-08-11,6.3
223,2010-08-12,5.0
224,2010-08-13,21.6
225,2010-08-14,36.5
226,2010-08-15,13.700000000000001
227,2010-08-16,10.6
228,2010-08-17,10.0
229,2010-08-18,11.000000000000002
230,2010-08-19,5.5
231,2010-08-20,24.1
232,2010-08-21,31.9
233,2010-08-22,10.3
234,2010-08-23,4.6
235,2010-08-24,8.1
236,2010-08-25,26.6
237,2010-08-26,16.9
238,2010-08-27,13.499999999999998
239,2010-08-28,19.7
240,2010-08-29,14.6
241,2010-08-30,12.799999999999999
242,2010-08-31,13.299999999999999
243,2010-09-01,10.0
244,2010-09-02,9.999999999999998
245,2010-09-03,7.6
246,2010-09-04,7.1
247,2010-09-05,9.799999999999999
248,2010-09-06,12.799999999999999
249,2010-09-07,11.500000000000002
250,2010-09-08,11.3
251,2010-09-09,6.1000000000000005
252,2010-09-10,10.9
253,2010-09-11,15.600000000000001
254,2010-09-12,13.2
255,2010-09-13,9.299999999999999
256,2010-09-14,9.2
257,2010-09-15,9.7
258,2010-09-16,9.399999999999999
259,2010-09-17,6.8999999999999995
260,2010-09-18,9.7
261,2010-09-19,4.3
262,2010-09-20,7.3999999999999995
263,2010-09-21,12.000000000000002
264,2010-09-22,12.2
265,2010-09-23,8.899999999999999
266,2010-09-24,13.2
267,2010-09-25,11.1
268,2010-09-26,12.6
269,2010-09-27,10.2
270,2010-09-28,11.5
271,2010-09-29,11.8
272,2010-09-30,12.6
273,2010-10-01,6.3
274,2010-10-02,5.2
275,2010-10-03,5.000000000000001
276,2010-10-04,8.0
277,2010-10-05,12.099999999999998
278,2010-10-06,13.500000000000002
279,2010-10-07,10.1
280,2010-10-08,6.2
281,2010-10-09,7.699999999999999
282,2010-10-10,9.2
283,2010-10-11,8.0
284,2010-10-12,12.6
285,2010-10-13,6.4
286,2010-10-14,6.300000000000001
287,2010-10-15,6.0
288,2010-10-16,8.6
289,2010-10-17,16.6
290,2010-10-18,21.3
291,2010-10-19,19.6
292,2010-10-20,16.7
293,2010-10-21,13.9
294,2010-10-22,11.1
295,2010-10-23,16.6
296,2010-10-24,7.0
297,2010-10-25,11.1
298,2010-10-26,14.2
299,2010-10-27,20.599999999999998
300,2010-10-28,17.999999999999996
301,2010-10-29,16.9
302,2010-10-30,14.4
303,2010-10-31,11.4
304,2010-11-01,6.300000000000001
305,2010-11-02,14.4
306,2010-11-03,19.599999999999998
307,2010-11-04,15.799999999999999
308,2010-11-05,8.2
309,2010-11-06,13.0
310,2010-11-07,17.099999999999998
311,2010-11-08,15.2
312,2010-11-09,14.299999999999999
313,2010-11-10,15.6
314,2010-11-11,11.100000000000001
315,2010-11-12,84.3
316,2010-11-13,37.199999999999996
317,2010-11-14,25.099999999999998
318,2010-11-15,10.6
319,2010-11-16,10.6
320,2010-11-17,12.1
321,2010-11-18,23.7
322,2010-11-19,19.1
323,2010-11-20,22.4
324,2010-11-21,19.5
325,2010-11-22,16.0
326,2010-11-23,17.9
327,2010-11-24,17.4
328,2010-11-25,21.9
329,2010-11-26,12.9
330,2010-11-27,16.499999999999996
331,2010-11-28,8.1
332,2010-11-29,13.3
333,2010-11-30,8.899999999999999
334,2010-12-01,9.399999999999999
335,2010-12-02,9.499999999999998
336,2010-12-03,12.4
337,2010-12-04,12.399999999999999
338,2010-12-05,14.0
339,2010-12-06,13.1
340,2010-12-07,25.8
341,2010-12-08,17.099999999999998
342,2010-12-09,21.1
343,2010-12-10,8.5
344,2010-12-11,89.2
345,2010-12-12,217.1
346,2010-12-13,87.9
347,2010-12-14,30.9
348,2010-12-15,32.3
349,2010-12-16,21.099999999999998
350,2010-12-17,10.399999999999999
351,2010-12-18,11.299999999999999
352,2010-12-19,10.099999999999998
353,2010-12-20,27.0
354,2010-12-21,28.8
355,2010-12-22,22.5
356,2010-12-23,15.7
357,2010-12-24,14.299999999999999
358,2010-12-25,17.5
359,2010-12-26,10.4
360,2010-12-27,54.599999999999994
361,2010-12-28,88.0
362,2010-12-29,49.5
363,2010-12-30,32.6
364,2010-12-31,32.9
365,2011-01-01,31.999999999999996
366,2011-01-02,28.8
367,2011-01-03,20.0
368,2011-01-04,17.2
369,2011-01-05,9.899999999999999
370,2011-01-06,17.400000000000002
371,2011-01-07,16.7
372,2011-01-08,26.0
373,2011-01-09,24.5
374,2011-01-10,10.099999999999998
375,2011-01-11,13.299999999999999
376,2011-01-12,17.599999999999998
377,2011-01-13,19.6
378,2011-01-14,20.2
379,2011-01-15,16.0
380,2011-01-16,22.099999999999998
381,2011-01-17,24.299999999999997
382,2011-01-18,21.900000000000002
383,2011-01-19,15.600000000000001
384,2011-01-20,19.7
385,2011-01-21,20.400000000000002
386,2011-01-22,20.900000000000002
387,2011-01-23,20.6
388,2011-01-24,16.0
389,2011-01-25,23.2
390,2011-01-26,23.8
391,2011-01-27,23.799999999999997
392,2011-01-28,18.999999999999996
393,2011-01-29,19.7
394,2011-01-30,20.5
395,2011-01-31,20.299999999999997
396,2011-02-01,20.6
397,2011-02-02,19.9
398,2011-02-03,15.6
399,2011-02-04,19.5
400,2011-02-05,20.8
401,2011-02-06,15.4
402,2011-02-07,6.8999999999999995
403,2011-02-08,8.1
404,2011-02-09,17.2
405,2011-02-10,14.4
406,2011-02-11,16.599999999999998
407,2011-02-12,15.8
408,2011-02-13,10.0
409,2011-02-14,5.8
410,2011-02-15,6.3
411,2011-02-16,12.0
412,2011-02-17,13.1
413,2011-02-18,15.399999999999999
414,2011-02-19,17.8
415,2011-02-20,15.2
416,2011-02-21,11.2
417,2011-02-22,10.5
418,2011-02-23,13.999999999999998
419,2011-02-24,14.899999999999999
420,2011-02-25,13.799999999999999
421,2011-02-26,9.6
422,2011-02-27,11.3
423,2011-02-28,14.7
424,2011-03-01,14.6
425,2011-03-02,9.600000000000001
426,2011-03-03,6.2
427,2011-03-04,9.0
428,2011-03-05,12.2
429,2011-03-06,14.1
430,2011-03-07,11.1
431,2011-03-08,12.4
432,2011-03-09,8.7
433,2011-03-10,6.300000000000001
434,2011-03-11,7.3999999999999995
435,2011-03-12,11.1
436,2011-03-13,14.7
437,2011-03-14,13.399999999999999
438,2011-03-15,12.9
439,2011-03-16,11.7
440,2011-03-17,7.0
441,2011-03-18,7.6
442,2011-03-19,6.8
443,2011-03-20,11.299999999999999
444,2011-03-21,7.3999999999999995
445,2011-03-22,11.1
446,2011-03-23,10.4
447,2011-03-24,11.899999999999999
448,2011-03-25,10.9
449,2011-03-26,10.0
450,2011-03-27,9.8
451,2011-03-28,9.7
452,2011-03-29,8.6
453,2011-03-30,10.0
454,2011-03-31,9.8
455,2011-04-01,8.5
456,2011-04-02,8.5
457,2011-04-03,10.2
458,2011-04-04,10.1
459,2011-04-05,7.6
460,2011-04-06,8.299999999999999
461,2011-04-07,6.300000000000001
462,2011-04-08,7.6
463,2011-04-09,9.299999999999999
464,2011-04-10,8.0
465,2011-04-11,6.2
466,2011-04-12,8.1
467,2011-04-13,9.399999999999999
468,2011-04-14,7.6
469,2011-04-15,5.6000000000000005
470,2011-04-16,3.8000000000000003
471,2011-04-17,6.9
472,2011-04-18,9.9
473,2011-04-19,10.1
474,2011-04-20,5.1000000000000005
475,2011-04-21,7.199999999999999
476,2011-04-22,8.5
477,2011-04-23,8.5
478,2011-04-24,7.5
479,2011-04-25,6.6
480,2011-04-26,6.2
481,2011-04-27,5.699999999999999
482,2011-04-28,5.3
483,2011-04-29,5.8
484,2011-04-30,6.6
485,2011-05-01,6.7
486,2011-05-02,3.8
487,2011-05-03,3.4000000000000004
488,2011-05-04,5.5
489,2011-05-05,5.699999999999999
490,2011-05-06,4.3
491,2011-05-07,4.9
492,2011-05-08,4.7
493,2011-05-09,4.3
494,2011-05-10,4.5
495,2011-05-11,4.6
496,2011-05-12,4.3
497,2011-05-13,2.5999999999999996
498,2011-05-14,5.499999999999999
499,2011-05-15,5.3
500,2011-05-16,5.6
501,2011-05-17,5.6
502,2011-05-18,4.8
503,2011-05-19,3.9999999999999996
504,2011-05-20,3.8
505,2011-05-21,3.9999999999999996
506,2011-05-22,4.3
507,2011-05-23,3.2
508,2011-05-24,2.4
509,2011-05-25,2.0
510,2011-05-26,3.3
511,2011-05-27,5.3
512,2011-05-28,4.1
513,2011-05-29,3.0999999999999996
514,2011-05-30,1.8
515,2011-05-31,3.0999999999999996
516,2011-06-01,3.5000000000000004
517,2011-06-02,4.699999999999999
518,2011-06-03,5.3
519,2011-06-04,4.5
520,2011-06-05,4.2
521,2011-06-06,5.2
522,2011-06-07,3.7
523,2011-06-08,4.3
524,2011-06-09,3.7
525,2011-06-10,3.3999999999999995
526,2011-06-11,2.1
527,2011-06-12,2.6999999999999997
528,2011-06-13,2.4
529,2011-06-14,2.3
530,2011-06-15,2.6999999999999997
531,2011-06-16,29.8
532,2011-06-17,7.999999999999999
533,2011-06-18,6.8999999999999995
534,2011-06-19,6.5
535,2011-06-20,5.299999999999999
536,2011-06-21,5.0
537,2011-06-22,2.9999999999999996
538,2011-06-23,3.4999999999999996
539,2011-06-24,5.0
540,2011-06-25,5.3
541,2011-06-26,5.3
542,2011-06-27,4.5
543,2011-06-28,3.8
544,2011-06-29,2.9999999999999996
545,2011-06-30,4.0
546,2011-07-01,3.3999999999999995
547,2011-07-02,4.3999999999999995
548,2011-07-03,2.9999999999999996
549,2011-07-04,3.3
550,2011-07-05,5.1000000000000005
551,2011-07-06,4.6
552,2011-07-07,4.2
553,2011-07-08,4.6
554,2011-07-09,4.6
555,2011-07-10,3.3
556,2011-07-11,4.699999999999999
557,2011-07-12,5.000000000000001
558,2011-07-13,1.9999999999999998
559,2011-07-14,2.6999999999999997
560,2011-07-15,2.8
561,2011-07-16,2.0999999999999996
562,2011-07-17,4.0
563,2011-07-18,3.2
564,2011-07-19,3.4
565,2011-07-20,2.5
566,2011-07-21,2.6
567,2011-07-22,3.4999999999999996
568,2011-07-23,4.6
569,2011-07-24,5.500000000000001
570,2011-07-25,4.6
571,2011-07-26,5.2
572,2011-07-27,5.999999999999999
573,2011-07-28,5.8999999999999995
574,2011-07-29,6.300000000000001
575,2011-07-30,5.8999999999999995
576,2011-07-31,5.8999999999999995
577,2011-08-01,5.8999999999999995
578,2011-08-02,6.5
579,2011-08-03,6.4
580,2011-08-04,7.0
581,2011-08-05,6.8
582,2011-08-06,4.0
583,2011-08-07,2.1999999999999997
584,2011-08-08,5.2
585,2011-08-09,3.5999999999999996
586,2011-08-10,4.699999999999999
587,2011-08-11,4.3999999999999995
588,2011-08-12,5.1000000000000005
589,2011-08-13,5.3
590,2011-08-14,5.000000000000001
591,2011-08-15,6.199999999999999
592,2011-08-16,6.9
593,2011-08-17,3.0
594,2011-08-18,5.1000000000000005
595,2011-08-19,3.8999999999999995
596,2011-08-20,6.7
597,2011-08-21,6.499999999999999
598,2011-08-22,6.3
599,2011-08-23,8.5
600,2011-08-24,8.9
601,2011-08-25,9.700000000000001
602,2011-08-26,10.200000000000001
603,2011-08-27,3.5999999999999996
604,2011-08-28,8.999999999999998
605,2011-08-29,8.2
606,2011-08-30,7.0
607,2011-08-31,9.1
608,2011-09-01,9.1
609,2011-09-02,9.0
610,2011-09-03,9.700000000000001
611,2011-09-04,9.1
612,2011-09-05,10.2
613,2011-09-06,10.2
614,2011-09-07,9.700000000000001
615,2011-09-08,4.5
616,2011-09-09,3.7
617,2011-09-10,9.399999999999999
618,2011-09-11,10.799999999999999
619,2011-09-12,9.5
620,2011-09-13,12.6
621,2011-09-14,12.7
622,2011-09-15,11.9
623,2011-09-16,12.499999999999998
624,2011-09-17,12.999999999999998
625,2011-09-18,10.4
626,2011-09-19,11.7
627,2011-09-20,11.6
628,2011-09-21,11.4
629,2011-09-22,11.799999999999999
630,2011-09-23,12.099999999999998
631,2011-09-24,11.299999999999999
632,2011-09-25,6.7
633,2011-09-26,9.9
634,2011-09-27,11.1
635,2011-09-28,4.5
636,2011-09-29,7.0
637,2011-09-30,15.499999999999998
638,2011-10-01,5.6
639,2011-10-02,5.5
640,2011-10-03,12.5
641,2011-10-04,18.4
642,2011-10-05,8.0
643,2011-10-06,5.299999999999999
644,2011-10-07,9.6
645,2011-10-08,11.600000000000001
646,2011-10-09,11.1
647,2011-10-10,15.7
648,2011-10-11,13.599999999999998
649,2011-10-12,16.6
650,2011-10-13,11.1
651,2011-10-14,8.0
652,2011-10-15,9.1
653,2011-10-16,16.900000000000002
654,2011-10-17,15.0
655,2011-10-18,13.0
656,2011-10-19,15.899999999999999
657,2011-10-20,15.6
658,2011-10-21,16.5
659,2011-10-22,15.9
660,2011-10-23,10.8
661,2011-10-24,14.299999999999999
662,2011-10-25,7.5
663,2011-10-26,6.799999999999999
664,2011-10-27,8.0
665,2011-10-28,12.4
666,2011-10-29,9.7
667,2011-10-30,8.4
668,2011-10-31,15.4
669,2011-11-01,14.600000000000001
670,2011-11-02,17.8
671,2011-11-03,14.999999999999998
672,2011-11-04,14.499999999999998
673,2011-11-05,12.299999999999999
674,2011-11-06,9.2
675,2011-11-07,15.0
676,2011-11-08,17.9
677,2011-11-09,16.3
678,2011-11-10,8.1
679,2011-11-11,15.2
680,2011-11-12,14.0
681,2011-11-13,11.5
682,2011-11-14,18.599999999999998
683,2011-11-15,19.799999999999997
684,2011-11-16,9.6
685,2011-11-17,8.7
686,2011-11-18,13.700000000000001
687,2011-11-19,20.7
688,2011-11-20,19.099999999999998
689,2011-11-21,11.4
690,2011-11-22,11.100000000000001
691,2011-11-23,6.1
692,2011-11-24,9.2
693,2011-11-25,11.000000000000002
694,2011-11-26,24.299999999999997
695,2011-11-27,191.6
696,2011-11-28,59.599999999999994
697,2011-11-29,26.599999999999998
698,2011-11-30,19.7
699,2011-12-01,13.999999999999998
700,2011-12-02,20.799999999999997
701,2011-12-03,22.3
702,2011-12-04,22.599999999999998
703,2011-12-05,17.400000000000002
704,2011-12-06,11.3
705,2011-12-07,7.5
706,2011-12-08,12.7
707,2011-12-09,13.7
708,2011-12-10,9.1
709,2011-12-11,14.399999999999997
710,2011-12-12,12.1
711,2011-12-13,17.700000000000003
712,2011-12-14,23.900000000000002
713,2011-12-15,14.9
714,2011-12-16,18.7
715,2011-12-17,20.499999999999996
716,2011-12-18,11.9
717,2011-12-19,8.7
718,2011-12-20,15.3
719,2011-12-21,16.400000000000002
720,2011-12-22,12.0
721,2011-12-23,16.900000000000002
722,2011-12-24,21.8
723,2011-12-25,26.099999999999998
724,2011-12-26,14.6
725,2011-12-27,19.9
726,2011-12-28,22.000000000000004
727,2011-12-29,18.8
728,2011-12-30,18.2
729,2011-12-31,18.799999999999997
730,2012-01-01,21.1
731,2012-01-02,20.8
732,2012-01-03,21.6
733,2012-01-04,17.299999999999997
734,2012-01-05,15.4
735,2012-01-06,19.9
736,2012-01-07,21.499999999999996
737,2012-01-08,20.599999999999998
738,2012-01-09,16.300000000000004
739,2012-01-10,17.6
740,2012-01-11,18.3
741,2012-01-12,19.599999999999998
742,2012-01-13,15.6
743,2012-01-14,12.2
744,2012-01-15,8.7
745,2012-01-16,12.200000000000001
746,2012-01-17,15.299999999999999
747,2012-01-18,17.5
748,2012-01-19,19.2
749,2012-01-20,16.8
750,2012-01-21,11.2
751,2012-01-22,11.5
752,2012-01-23,9.6
753,2012-01-24,6.1
754,2012-01-25,5.8999999999999995
755,2012-01-26,10.7
756,2012-01-27,8.9
757,2012-01-28,7.300000000000001
758,2012-01-29,7.4
759,2012-01-30,9.6
760,2012-01-31,5.8
761,2012-02-01,7.1
762,2012-02-02,16.900000000000002
763,2012-02-03,81.8
764,2012-02-04,61.900000000000006
765,2012-02-05,32.6
766,2012-02-06,30.7
767,2012-02-07,16.1
768,2012-02-08,19.4
769,2012-02-09,21.299999999999997
770,2012-02-10,22.6
771,2012-02-11,23.299999999999997
772,2012-02-12,24.900000000000002
773,2012-02-13,22.299999999999997
774,2012-02-14,22.499999999999996
775,2012-02-15,18.200000000000003
776,2012-02-16,19.699999999999996
777,2012-02-17,20.999999999999996
778,2012-02-18,20.4
779,2012-02-19,16.3
780,2012-02-20,14.9
781,2012-02-21,13.499999999999998
782,2012-02-22,15.6
783,2012-02-23,20.299999999999997
784,2012-02-24,21.899999999999995
785,2012-02-25,12.3
786,2012-02-26,9.3
787,2012-02-27,11.7
788,2012-02-28,17.200000000000003
789,2012-02-29,13.399999999999999
790,2012-03-01,16.400000000000002
791,2012-03-02,9.799999999999999
792,2012-03-03,8.299999999999999
793,2012-03-04,16.6
794,2012-03-05,11.7
795,2012-03-06,10.299999999999999
796,2012-03-07,13.499999999999998
797,2012-03-08,15.3
798,2012-03-09,16.400000000000002
799,2012-03-10,17.200000000000003
800,2012-03-11,13.599999999999998
801,2012-03-12,10.6
802,2012-03-13,13.399999999999999
803,2012-03-14,8.9
804,2012-03-15,10.7
805,2012-03-16,12.7
806,2012-03-17,5.500000000000001
807,2012-03-18,12.7
808,2012-03-19,10.000000000000002
809,2012-03-20,11.399999999999999
810,2012-03-21,12.8
811,2012-03-22,9.1
812,2012-03-23,11.0
813,2012-03-24,12.399999999999999
814,2012-03-25,11.799999999999999
815,2012-03-26,10.3
816,2012-03-27,11.0
817,2012-03-28,9.499999999999998
818,2012-03-29,10.9
819,2012-03-30,11.299999999999999
820,2012-03-31,10.7
821,2012-04-01,11.9
822,2012-04-02,11.3
823,2012-04-03,11.0
824,2012-04-04,11.799999999999999
825,2012-04-05,11.3
826,2012-04-06,11.3
827,2012-04-07,8.6
828,2012-04-08,10.200000000000001
829,2012-04-09,9.1
830,2012-04-10,8.899999999999999
831,2012-04-11,6.2
832,2012-04-12,7.8
833,2012-04-13,8.899999999999999
834,2012-04-14,7.299999999999999
835,2012-04-15,5.3999999999999995
836,2012-04-16,4.8
837,2012-04-17,3.5999999999999996
838,2012-04-18,6.499999999999999
839,2012-04-19,8.1
840,2012-04-20,7.3999999999999995
841,2012-04-21,9.499999999999998
842,2012-04-22,6.5
843,2012-04-23,3.0
844,2012-04-24,6.6
845,2012-04-25,7.5
846,2012-04-26,8.1
847,2012-04-27,4.3
848,2012-04-28,3.1999999999999997
849,2012-04-29,6.9
850,2012-04-30,6.6
851,2012-05-01,7.299999999999999
852,2012-05-02,6.3999999999999995
853,2012-05-03,4.3
854,2012-05-04,5.999999999999999
855,2012-05-05,6.8
856,2012-05-06,6.9
857,2012-05-07,5.8999999999999995
858,2012-05-08,6.9
859,2012-05-09,7.0
860,2012-05-10,7.199999999999999
861,2012-05-11,7.199999999999999
862,2012-05-12,6.3
863,2012-05-13,5.8999999999999995
864,2012-05-14,5.8999999999999995
865,2012-05-15,5.8
866,2012-05-16,5.699999999999999
867,2012-05-17,5.8999999999999995
868,2012-05-18,5.8999999999999995
869,2012-05-19,4.3999999999999995
870,2012-05-20,5.499999999999999
871,2012-05-21,4.2
872,2012-05-22,5.7
873,2012-05-23,5.6
874,2012-05-24,2.8
875,2012-05-25,3.0
876,2012-05-26,5.1000000000000005
877,2012-05-27,5.1000000000000005
878,2012-05-28,4.2
879,2012-05-29,3.7
880,2012-05-30,4.1
881,2012-05-31,4.699999999999999
882,2012-06-01,2.3
883,2012-06-02,2.1999999999999997
884,2012-06-03,2.1999999999999997
885,2012-06-04,3.1999999999999997
886,2012-06-05,2.3
887,2012-06-06,3.1999999999999997
888,2012-06-07,4.5
889,2012-06-08,4.2
890,2012-06-09,5.1
891,2012-06-10,4.8999999999999995
892,2012-06-11,2.1999999999999997
893,2012-06-12,2.9999999999999996
894,2012-06-13,2.9999999999999996
895,2012-06-14,4.5
896,2012-06-15,5.0
897,2012-06-16,3.2999999999999994
898,2012-06-17,4.5
899,2012-06-18,4.2
900,2012-06-19,4.3999999999999995
901,2012-06-20,4.8
902,2012-06-21,5.0
903,2012-06-22,2.9
904,2012-06-23,4.2
905,2012-06-24,4.699999999999999
906,2012-06-25,4.699999999999999
907,2012-06-26,3.1
908,2012-06-27,2.1
909,2012-06-28,2.8
910,2012-06-29,2.9
911,2012-06-30,4.1
912,2012-07-01,2.5999999999999996
913,2012-07-02,3.5999999999999996
914,2012-07-03,4.3999999999999995
915,2012-07-04,4.0
916,2012-07-05,3.3
917,2012-07-06,3.7
918,2012-07-07,4.3999999999999995
919,2012-07-08,5.0
920,2012-07-09,4.8
921,2012-07-10,2.6999999999999997
922,2012-07-11,3.1999999999999997
923,2012-07-12,1.7
924,2012-07-13,1.9
925,2012-07-14,6.3
926,2012-07-15,26.800000000000004
927,2012-07-16,9.7
928,2012-07-17,8.6
929,2012-07-18,4.699999999999999
930,2012-07-19,7.3
931,2012-07-20,7.3999999999999995
932,2012-07-21,3.6
933,2012-07-22,3.9000000000000004
934,2012-07-23,5.0
935,2012-07-24,5.3
936,2012-07-25,6.6
937,2012-07-26,4.3999999999999995
938,2012-07-27,5.299999999999999
939,2012-07-28,4.699999999999999
940,2012-07-29,6.999999999999999
941,2012-07-30,6.7
942,2012-07-31,5.8999999999999995
943,2012-08-01,6.3999999999999995
944,2012-08-02,6.8
945,2012-08-03,6.499999999999999
946,2012-08-04,7.1
947,2012-08-05,7.1
948,2012-08-06,7.1
949,2012-08-07,7.300000000000001
950,2012-08-08,7.2
951,2012-08-09,4.699999999999999
952,2012-08-10,6.3
953,2012-08-11,3.8
954,2012-08-12,5.8999999999999995
955,2012-08-13,7.1
956,2012-08-14,6.1
957,2012-08-15,7.8999999999999995
958,2012-08-16,8.399999999999999
959,2012-08-17,7.8999999999999995
960,2012-08-18,6.6
961,2012-08-19,8.299999999999999
962,2012-08-20,7.199999999999999
963,2012-08-21,6.2
964,2012-08-22,8.5
965,2012-08-23,7.4
966,2012-08-24,9.8
967,2012-08-25,8.7
968,2012-08-26,7.4
969,2012-08-27,8.999999999999998
970,2012-08-28,9.0
971,2012-08-29,8.7
972,2012-08-30,8.3
973,2012-08-31,8.5
974,2012-09-01,9.2
975,2012-09-02,9.2
976,2012-09-03,9.700000000000001
977,2012-09-04,9.8
978,2012-09-05,10.3
979,2012-09-06,11.000000000000002
980,2012-09-07,9.299999999999999
981,2012-09-08,9.9
982,2012-09-09,10.3
983,2012-09-10,10.2
984,2012-09-11,10.0
985,2012-09-12,10.2
986,2012-09-13,8.6
987,2012-09-14,9.9
988,2012-09-15,10.3
989,2012-09-16,9.9
990,2012-09-17,6.5
991,2012-09-18,8.1
992,2012-09-19,10.5
993,2012-09-20,11.799999999999999
994,2012-09-21,9.700000000000001
995,2012-09-22,12.399999999999999
996,2012-09-23,12.6
997,2012-09-24,12.0
998,2012-09-25,11.6
999,2012-09-26,11.200000000000001
1000,2012-09-27,11.799999999999999
1001,2012-09-28,11.000000000000002
1002,2012-09-29,6.300000000000001
1003,2012-09-30,11.899999999999999
1004,2012-10-01,11.999999999999998
1005,2012-10-02,12.999999999999998
1006,2012-10-03,13.200000000000001
1007,2012-10-04,13.3
1008,2012-10-05,13.3
1009,2012-10-06,13.0
1010,2012-10-07,13.6
1011,2012-10-08,11.2
1012,2012-10-09,11.4
1013,2012-10-10,13.000000000000002
1014,2012-10-11,4.0
1015,2012-10-12,4.5
1016,2012-10-13,12.299999999999999
1017,2012-10-14,12.0
1018,2012-10-15,14.1
1019,2012-10-16,14.6
1020,2012-10-17,14.700000000000001
1021,2012-10-18,14.399999999999999
1022,2012-10-19,13.3
1023,2012-10-20,16.2
1024,2012-10-21,9.3
1025,2012-10-22,13.7
1026,2012-10-23,12.799999999999999
1027,2012-10-24,14.200000000000001
1028,2012-10-25,14.6
1029,2012-10-26,10.799999999999999
1030,2012-10-27,11.7
1031,2012-10-28,11.0
1032,2012-10-29,10.0
1033,2012-10-30,6.8
1034,2012-10-31,13.7
1035,2012-11-01,11.6
1036,2012-11-02,14.0
1037,2012-11-03,6.8
1038,2012-11-04,13.2
1039,2012-11-05,14.299999999999999
1040,2012-11-06,13.299999999999999
1041,2012-11-07,9.4
1042,2012-11-08,8.9
1043,2012-11-09,7.6
1044,2012-11-10,6.5
1045,2012-11-11,13.3
1046,2012-11-12,14.899999999999999
1047,2012-11-13,14.9
1048,2012-11-14,10.2
1049,2012-11-15,12.6
1050,2012-11-16,6.199999999999999
1051,2012-11-17,10.9
1052,2012-11-18,12.899999999999999
1053,2012-11-19,14.299999999999999
1054,2012-11-20,11.799999999999999
1055,2012-11-21,14.0
1056,2012-11-22,12.7
1057,2012-11-23,11.2
1058,2012-11-24,13.6
1059,2012-11-25,13.600000000000001
1060,2012-11-26,13.100000000000001
1061,2012-11-27,9.9
1062,2012-11-28,11.299999999999999
1063,2012-11-29,14.8
1064,2012-11-30,17.4
1065,2012-12-01,14.5
1066,2012-12-02,13.6
1067,2012-12-03,8.299999999999999
1068,2012-12-04,17.9
1069,2012-12-05,16.1
1070,2012-12-06,16.299999999999997
1071,2012-12-07,12.2
1072,2012-12-08,13.3
1073,2012-12-09,15.599999999999998
1074,2012-12-10,11.5
1075,2012-12-11,10.6
1076,2012-12-12,15.0
1077,2012-12-13,15.7
1078,2012-12-14,16.2
1079,2012-12-15,11.799999999999999
1080,2012-12-16,14.7
1081,2012-12-17,15.3
1082,2012-12-18,16.499999999999996
1083,2012-12-19,15.399999999999999
1084,2012-12-20,11.3
1085,2012-12-21,10.6
1086,2012-12-22,12.400000000000002
1087,2012-12-23,17.5
1088,2012-12-24,17.099999999999998
1089,2012-12-25,11.9
1090,2012-12-26,10.399999999999999
1091,2012-12-27,17.799999999999997
1092,2012-12-28,13.500000000000002
1093,2012-12-29,17.5
1094,2012-12-30,17.7
1095,2012-12-31,18.3
1096,2013-01-01,16.5
1097,2013-01-02,18.400000000000002
1098,2013-01-03,15.2
1099,2013-01-04,17.2
1100,2013-01-05,17.4
1101,2013-01-06,17.0
1102,2013-01-07,17.2
1103,2013-01-08,16.9
1104,2013-01-09,16.3
1105,2013-01-10,16.4
1106,2013-01-11,17.9
1107,2013-01-12,16.8
1108,2013-01-13,16.099999999999998
1109,2013-01-14,12.200000000000001
1110,2013-01-15,11.5
1111,2013-01-16,15.4
1112,2013-01-17,15.799999999999999
1113,2013-01-18,16.8
1114,2013-01-19,10.7
1115,2013-01-20,6.0
1116,2013-01-21,12.799999999999999
1117,2013-01-22,8.9
1118,2013-01-23,12.799999999999999
1119,2013-01-24,11.1
1120,2013-01-25,14.2
1121,2013-01-26,11.9
1122,2013-01-27,4.1
1123,2013-01-28,4.2
1124,2013-01-29,11.9
1125,2013-01-30,16.2
1126,2013-01-31,18.6
1127,2013-02-01,13.099999999999998
1128,2013-02-02,11.0
1129,2013-02-03,17.8
1130,2013-02-04,18.099999999999998
1131,2013-02-05,18.4
1132,2013-02-06,17.8
1133,2013-02-07,18.099999999999998
1134,2013-02-08,17.9
1135,2013-02-09,17.499999999999996
1136,2013-02-10,15.799999999999997
1137,2013-02-11,12.799999999999999
1138,2013-02-12,14.5
1139,2013-02-13,14.299999999999999
1140,2013-02-14,12.600000000000001
1141,2013-02-15,11.399999999999999
1142,2013-02-16,11.399999999999999
1143,2013-02-17,12.1
1144,2013-02-18,11.9
1145,2013-02-19,11.5
1146,2013-02-20,12.799999999999999
1147,2013-02-21,12.6
1148,2013-02-22,6.8
1149,2013-02-23,4.3
1150,2013-02-24,13.0
1151,2013-02-25,9.5
1152,2013-02-26,10.0
1153,2013-02-27,13.600000000000001
1154,2013-02-28,9.700000000000001
1155,2013-03-01,4.0
1156,2013-03-02,10.5
1157,2013-03-03,8.2
1158,2013-03-04,11.700000000000001
1159,2013-03-05,14.8
1160,2013-03-06,15.7
1161,2013-03-07,16.6
1162,2013-03-08,15.7
1163,2013-03-09,11.299999999999999
1164,2013-03-10,14.1
1165,2013-03-11,11.1
1166,2013-03-12,11.0
1167,2013-03-13,12.4
1168,2013-03-14,12.5
1169,2013-03-15,11.1
1170,2013-03-16,12.2
1171,2013-03-17,11.699999999999998
1172,2013-03-18,9.5
1173,2013-03-19,9.6
1174,2013-03-20,9.6
1175,2013-03-21,9.7
1176,2013-03-22,6.6000000000000005
1177,2013-03-23,7.800000000000001
1178,2013-03-24,11.1
1179,2013-03-25,11.1
1180,2013-03-26,8.299999999999999
1181,2013-03-27,10.9
1182,2013-03-28,10.4
1183,2013-03-29,8.7
1184,2013-03-30,9.1
1185,2013-03-31,3.6999999999999997
1186,2013-04-01,7.199999999999999
1187,2013-04-02,9.5
1188,2013-04-03,6.5
1189,2013-04-04,7.1
1190,2013-04-05,8.1
1191,2013-04-06,4.0
1192,2013-04-07,7.4
1193,2013-04-08,8.1
1194,2013-04-09,7.0
1195,2013-04-10,8.200000000000001
1196,2013-04-11,8.2
1197,2013-04-12,7.4
1198,2013-04-13,5.699999999999999
1199,2013-04-14,7.199999999999999
1200,2013-04-15,6.199999999999999
1201,2013-04-16,4.4
1202,2013-04-17,6.1
1203,2013-04-18,6.8
1204,2013-04-19,5.2
1205,2013-04-20,3.3
1206,2013-04-21,6.0
1207,2013-04-22,6.799999999999999
1208,2013-04-23,6.8999999999999995
1209,2013-04-24,6.8999999999999995
1210,2013-04-25,6.4
1211,2013-04-26,6.4
1212,2013-04-27,6.5
1213,2013-04-28,6.4
1214,2013-04-29,6.4
1215,2013-04-30,6.0
1216,2013-05-01,6.199999999999999
1217,2013-05-02,3.8000000000000003
1218,2013-05-03,6.0
1219,2013-05-04,5.199999999999999
1220,2013-05-05,5.7
1221,2013-05-06,5.3999999999999995
1222,2013-05-07,5.3
1223,2013-05-08,5.1
1224,2013-05-09,5.199999999999999
1225,2013-05-10,5.6
1226,2013-05-11,4.6
1227,2013-05-12,5.3
1228,2013-05-13,2.6
1229,2013-05-14,3.1
1230,2013-05-15,3.6
1231,2013-05-16,4.0
1232,2013-05-17,4.7
1233,2013-05-18,2.9
1234,2013-05-19,3.6
1235,2013-05-20,3.7
1236,2013-05-21,2.2
1237,2013-05-22,2.0
1238,2013-05-23,2.9
1239,2013-05-24,2.8
1240,2013-05-25,4.5
1241,2013-05-26,4.7
1242,2013-05-27,4.3
1243,2013-05-28,2.4
1244,2013-05-29,4.199999999999999
1245,2013-05-30,4.7
1246,2013-05-31,4.8
1247,2013-06-01,1.7
1248,2013-06-02,2.6
1249,2013-06-03,4.1
1250,2013-06-04,4.0
1251,2013-06-05,2.9999999999999996
1252,2013-06-06,2.1999999999999997
1253,2013-06-07,2.8
1254,2013-06-08,3.5999999999999996
1255,2013-06-09,3.1
1256,2013-06-10,2.4
1257,2013-06-11,3.5
1258,2013-06-12,1.7
1259,2013-06-13,2.8000000000000003
1260,2013-06-14,2.4
1261,2013-06-15,2.8000000000000003
1262,2013-06-16,3.9000000000000004
1263,2013-06-17,4.0
1264,2013-06-18,4.3
1265,2013-06-19,2.5
1266,2013-06-20,2.0999999999999996
1267,2013-06-21,3.4000000000000004
1268,2013-06-22,4.0
1269,2013-06-23,3.5999999999999996
1270,2013-06-24,3.3
1271,2013-06-25,2.0
1272,2013-06-26,1.9
1273,2013-06-27,2.5
1274,2013-06-28,2.9
1275,2013-06-29,2.8
1276,2013-06-30,2.5
1277,2013-07-01,3.4
1278,2013-07-02,4.3999999999999995
1279,2013-07-03,4.8
1280,2013-07-04,4.199999999999999
1281,2013-07-05,4.2
1282,2013-07-06,4.3
1283,2013-07-07,4.3
1284,2013-07-08,4.199999999999999
1285,2013-07-09,3.4
1286,2013-07-10,1.9000000000000001
1287,2013-07-11,3.5999999999999996
1288,2013-07-12,2.6
1289,2013-07-13,4.3999999999999995
1290,2013-07-14,3.6
1291,2013-07-15,2.6999999999999997
1292,2013-07-16,2.9
1293,2013-07-17,4.5
1294,2013-07-18,3.9
1295,2013-07-19,2.9
1296,2013-07-20,3.3
1297,2013-07-21,4.8
1298,2013-07-22,4.8999999999999995
1299,2013-07-23,3.8
1300,2013-07-24,3.9000000000000004
1301,2013-07-25,5.2
1302,2013-07-26,5.499999999999999
1303,2013-07-27,5.8999999999999995
1304,2013-07-28,4.9
1305,2013-07-29,3.3
1306,2013-07-30,4.9
1307,2013-07-31,3.5
1308,2013-08-01,4.7
1309,2013-08-02,4.1
1310,2013-08-03,5.8999999999999995
1311,2013-08-04,4.6
1312,2013-08-05,5.599999999999999
1313,2013-08-06,5.999999999999999
1314,2013-08-07,4.8
1315,2013-08-08,3.5
1316,2013-08-09,6.099999999999999
1317,2013-08-10,7.1
1318,2013-08-11,6.2
1319,2013-08-12,6.0
1320,2013-08-13,7.1
1321,2013-08-14,4.6
1322,2013-08-15,6.699999999999999
1323,2013-08-16,6.7
1324,2013-08-17,1.9000000000000001
1325,2013-08-18,6.8
1326,2013-08-19,6.2
1327,2013-08-20,6.4
1328,2013-08-21,5.8999999999999995
1329,2013-08-22,4.7
1330,2013-08-23,5.2
1331,2013-08-24,6.2
1332,2013-08-25,7.199999999999999
1333,2013-08-26,7.1
1334,2013-08-27,7.5
1335,2013-08-28,7.9
1336,2013-08-29,7.6
1337,2013-08-30,8.0
1338,2013-08-31,3.8
1339,2013-09-01,8.1
1340,2013-09-02,8.1
1341,2013-09-03,8.2
1342,2013-09-04,8.299999999999999
1343,2013-09-05,8.2
1344,2013-09-06,7.8
1345,2013-09-07,8.299999999999999
1346,2013-09-08,7.699999999999999
1347,2013-09-09,8.299999999999999
1348,2013-09-10,8.7
1349,2013-09-11,9.2
1350,2013-09-12,8.4
1351,2013-09-13,7.299999999999999
1352,2013-09-14,9.4
1353,2013-09-15,7.799999999999999
1354,2013-09-16,3.0
1355,2013-09-17,7.0
1356,2013-09-18,9.8
1357,2013-09-19,10.5
1358,2013-09-20,10.2
1359,2013-09-21,10.1
1360,2013-09-22,10.0
1361,2013-09-23,10.499999999999998
1362,2013-09-24,9.1
1363,2013-09-25,11.299999999999999
1364,2013-09-26,11.399999999999999
1365,2013-09-27,10.6
1366,2013-09-28,10.7
1367,2013-09-29,10.5
1368,2013-09-30,10.6
1369,2013-10-01,7.0
1370,2013-10-02,10.5
1371,2013-10-03,9.0
1372,2013-10-04,10.299999999999999
1373,2013-10-05,9.7
1374,2013-10-06,11.499999999999998
1375,2013-10-07,10.2
1376,2013-10-08,10.1
1377,2013-10-09,11.099999999999998
1378,2013-10-10,11.7
1379,2013-10-11,11.399999999999999
1380,2013-10-12,10.799999999999999
1381,2013-10-13,8.7
1382,2013-10-14,9.999999999999998
1383,2013-10-15,10.299999999999999
1384,2013-10-16,10.2
1385,2013-10-17,9.299999999999999
1386,2013-10-18,9.1
1387,2013-10-19,11.999999999999998
1388,2013-10-20,13.0
1389,2013-10-21,13.499999999999998
1390,2013-10-22,12.7
1391,2013-10-23,11.6
1392,2013-10-24,11.3
1393,2013-10-25,12.1
1394,2013-10-26,11.5
1395,2013-10-27,12.0
1396,2013-10-28,9.899999999999999
1397,2013-10-29,8.5
1398,2013-10-30,11.5
1399,2013-10-31,11.9
1400,2013-11-01,11.7
1401,2013-11-02,11.200000000000001
1402,2013-11-03,10.4
1403,2013-11-04,12.299999999999999
1404,2013-11-05,12.2
1405,2013-11-06,13.1
1406,2013-11-07,13.599999999999998
1407,2013-11-08,13.899999999999999
1408,2013-11-09,11.8
1409,2013-11-10,10.299999999999999
1410,2013-11-11,8.4
1411,2013-11-12,8.9
1412,2013-11-13,13.599999999999998
1413,2013-11-14,13.799999999999997
1414,2013-11-15,13.4
1415,2013-11-16,9.2
1416,2013-11-17,11.0
1417,2013-11-18,6.6
1418,2013-11-19,10.6
1419,2013-11-20,13.8
1420,2013-11-21,13.899999999999999
1421,2013-11-22,7.2
1422,2013-11-23,6.299999999999999
1423,2013-11-24,15.3
1424,2013-11-25,14.299999999999997
1425,2013-11-26,16.099999999999998
1426,2013-11-27,16.200000000000003
1427,2013-11-28,16.4
1428,2013-11-29,5.0
1429,2013-11-30,13.7
1430,2013-12-01,13.4
1431,2013-12-02,14.899999999999999
1432,2013-12-03,15.7
1433,2013-12-04,13.0
1434,2013-12-05,10.9
1435,2013-12-06,14.499999999999998
1436,2013-12-07,13.899999999999999
1437,2013-12-08,15.5
1438,2013-12-09,13.2
1439,2013-12-10,11.1
1440,2013-12-11,11.4
1441,2013-12-12,13.1
1442,2013-12-13,14.399999999999999
1443,2013-12-14,14.599999999999998
1444,2013-12-15,14.7
1445,2013-12-16,11.500000000000002
1446,2013-12-17,14.3
1447,2013-12-18,15.7
1448,2013-12-19,15.5
1449,2013-12-20,15.400000000000002
1450,2013-12-21,15.6
1451,2013-12-22,13.500000000000002
1452,2013-12-23,11.5
1453,2013-12-24,7.3
1454,2013-12-25,4.8999999999999995
1455,2013-12-26,12.1
1456,2013-12-27,16.5
1457,2013-12-28,15.499999999999998
1458,2013-12-29,16.8
1459,2013-12-30,14.0
1460,2013-12-31,14.3
1461,2014-01-01,13.2
1462,2014-01-02,9.6
1463,2014-01-03,15.799999999999999
1464,2014-01-04,16.599999999999998
1465,2014-01-05,15.7
1466,2014-01-06,15.0
1467,2014-01-07,13.7
1468,2014-01-08,11.299999999999999
1469,2014-01-09,6.8
1470,2014-01-10,8.299999999999999
1471,2014-01-11,10.7
1472,2014-01-12,14.4
1473,2014-01-13,15.799999999999999
1474,2014-01-14,15.7
1475,2014-01-15,16.4
1476,2014-01-16,16.2
1477,2014-01-17,16.4
1478,2014-01-18,16.0
1479,2014-01-19,16.099999999999998
1480,2014-01-20,14.299999999999999
1481,2014-01-21,16.7
1482,2014-01-22,8.6
1483,2014-01-23,9.499999999999998
1484,2014-01-24,8.6
1485,2014-01-25,14.3
1486,2014-01-26,14.299999999999999
1487,2014-01-27,14.700000000000001
1488,2014-01-28,14.8
1489,2014-01-29,15.6
1490,2014-01-30,15.2
1491,2014-01-31,15.499999999999998
1492,2014-02-01,15.1
1493,2014-02-02,15.6
1494,2014-02-03,14.8
1495,2014-02-04,13.599999999999998
1496,2014-02-05,11.200000000000001
1497,2014-02-06,8.2
1498,2014-02-07,14.299999999999999
1499,2014-02-08,15.0
1500,2014-02-09,15.299999999999999
1501,2014-02-10,15.299999999999999
1502,2014-02-11,13.799999999999999
1503,2014-02-12,14.6
1504,2014-02-13,12.099999999999998
1505,2014-02-14,5.8
1506,2014-02-15,5.5
1507,2014-02-16,6.1
1508,2014-02-17,6.6
1509,2014-02-18,11.0
1510,2014-02-19,7.6
1511,2014-02-20,5.8
1512,2014-02-21,11.200000000000001
1513,2014-02-22,10.4
1514,2014-02-23,11.0
1515,2014-02-24,11.3
1516,2014-02-25,10.9
1517,2014-02-26,8.4
1518,2014-02-27,10.1
1519,2014-02-28,4.2
1520,2014-03-01,5.099999999999999
1521,2014-03-02,7.6
1522,2014-03-03,9.0
1523,2014-03-04,8.3
1524,2014-03-05,10.299999999999999
1525,2014-03-06,9.0
1526,2014-03-07,8.9
1527,2014-03-08,10.2
1528,2014-03-09,10.0
1529,2014-03-10,9.9
1530,2014-03-11,9.8
1531,2014-03-12,9.5
1532,2014-03-13,9.6
1533,2014-03-14,7.8999999999999995
1534,2014-03-15,8.6
1535,2014-03-16,7.799999999999999
1536,2014-03-17,10.1
1537,2014-03-18,10.3
1538,2014-03-19,8.8
1539,2014-03-20,5.099999999999999
1540,2014-03-21,6.1
1541,2014-03-22,9.1
1542,2014-03-23,8.3
1543,2014-03-24,4.699999999999999
1544,2014-03-25,4.3
1545,2014-03-26,3.0
1546,2014-03-27,3.0
1547,2014-03-28,5.3
1548,2014-03-29,6.5
1549,2014-03-30,8.1
1550,2014-03-31,9.0
1551,2014-04-01,8.799999999999999
1552,2014-04-02,8.2
1553,2014-04-03,8.700000000000001
1554,2014-04-04,6.699999999999999
1555,2014-04-05,6.6
1556,2014-04-06,8.7
1557,2014-04-07,7.8
1558,2014-04-08,7.800000000000001
1559,2014-04-09,7.699999999999999
1560,2014-04-10,5.599999999999999
1561,2014-04-11,6.2
1562,2014-04-12,6.7
1563,2014-04-13,8.2
1564,2014-04-14,7.999999999999999
1565,2014-04-15,6.699999999999999
1566,2014-04-16,5.8
1567,2014-04-17,6.6
1568,2014-04-18,6.6000000000000005
1569,2014-04-19,5.399999999999999
1570,2014-04-20,6.599999999999999
1571,2014-04-21,6.3
1572,2014-04-22,5.1
1573,2014-04-23,6.5
1574,2014-04-24,6.6
1575,2014-04-25,5.3
1576,2014-04-26,3.0999999999999996
1577,2014-04-27,3.3
1578,2014-04-28,5.3
1579,2014-04-29,5.199999999999999
1580,2014-04-30,1.9000000000000001
1581,2014-05-01,5.199999999999999
1582,2014-05-02,4.1
1583,2014-05-03,2.6
1584,2014-05-04,1.9000000000000001
1585,2014-05-05,3.6999999999999997
1586,2014-05-06,5.3999999999999995
1587,2014-05-07,3.6999999999999997
1588,2014-05-08,5.599999999999999
1589,2014-05-09,4.699999999999999
1590,2014-05-10,3.1999999999999997
1591,2014-05-11,3.5999999999999996
1592,2014-05-12,4.8999999999999995
1593,2014-05-13,4.6
1594,2014-05-14,5.3
1595,2014-05-15,5.2
1596,2014-05-16,5.2
1597,2014-05-17,5.1
1598,2014-05-18,2.6
1599,2014-05-19,3.4000000000000004
1600,2014-05-20,2.0999999999999996
1601,2014-05-21,4.8
1602,2014-05-22,4.3999999999999995
1603,2014-05-23,2.6999999999999997
1604,2014-05-24,4.2
1605,2014-05-25,4.6
1606,2014-05-26,4.6
1607,2014-05-27,3.5
1608,2014-05-28,3.6999999999999997
1609,2014-05-29,4.0
1610,2014-05-30,2.1999999999999997
1611,2014-05-31,2.6
1612,2014-06-01,2.6999999999999997
1613,2014-06-02,2.6999999999999997
1614,2014-06-03,2.6999999999999997
1615,2014-06-04,3.4
1616,2014-06-05,4.0
1617,2014-06-06,3.3
1618,2014-06-07,3.1
1619,2014-06-08,3.6999999999999997
1620,2014-06-09,3.4
1621,2014-06-10,3.3
1622,2014-06-11,3.5
1623,2014-06-12,3.4
1624,2014-06-13,2.0
1625,2014-06-14,2.1
1626,2014-06-15,2.1
1627,2014-06-16,2.8
1628,2014-06-17,2.8
1629,2014-06-18,3.3
1630,2014-06-19,3.4
1631,2014-06-20,2.0
1632,2014-06-21,3.2
1633,2014-06-22,3.5
1634,2014-06-23,2.1999999999999997
1635,2014-06-24,3.4
1636,2014-06-25,3.3
1637,2014-06-26,3.4
1638,2014-06-27,3.4
1639,2014-06-28,1.4000000000000001
1640,2014-06-29,2.6999999999999997
1641,2014-06-30,2.3
1642,2014-07-01,3.1
1643,2014-07-02,3.3
1644,2014-07-03,3.5999999999999996
1645,2014-07-04,3.5
1646,2014-07-05,3.3
1647,2014-07-06,2.0999999999999996
1648,2014-07-07,3.0
1649,2014-07-08,3.4
1650,2014-07-09,3.5
1651,2014-07-10,2.3
1652,2014-07-11,3.5
1653,2014-07-12,3.3
1654,2014-07-13,3.4
1655,2014-07-14,2.8
1656,2014-07-15,1.5999999999999999
1657,2014-07-16,2.6
1658,2014-07-17,3.4
1659,2014-07-18,2.6
1660,2014-07-19,2.9
1661,2014-07-20,2.3
1662,2014-07-21,3.0
1663,2014-07-22,3.0
1664,2014-07-23,4.1
1665,2014-07-24,2.3
1666,2014-07-25,3.1999999999999997
1667,2014-07-26,2.1
1668,2014-07-27,4.3
1669,2014-07-28,4.4
1670,2014-07-29,4.4
1671,2014-07-30,5.199999999999999
1672,2014-07-31,5.499999999999999
1673,2014-08-01,4.8
1674,2014-08-02,4.6
1675,2014-08-03,3.3999999999999995
1676,2014-08-04,2.8
1677,2014-08-05,5.0
1678,2014-08-06,5.2
1679,2014-08-07,5.1
1680,2014-08-08,5.3999999999999995
1681,2014-08-09,5.3
1682,2014-08-10,4.3
1683,2014-08-11,5.2
1684,2014-08-12,4.899999999999999
1685,2014-08-13,4.699999999999999
1686,2014-08-14,5.1
1687,2014-08-15,5.2
1688,2014-08-16,1.8
1689,2014-08-17,4.6000000000000005
1690,2014-08-18,2.0
1691,2014-08-19,3.2
1692,2014-08-20,6.6
1693,2014-08-21,6.8
1694,2014-08-22,6.5
1695,2014-08-23,3.7
1696,2014-08-24,6.8999999999999995
1697,2014-08-25,6.9
1698,2014-08-26,4.3
1699,2014-08-27,3.2
1700,2014-08-28,5.599999999999999
1701,2014-08-29,7.3
1702,2014-08-30,4.8999999999999995
1703,2014-08-31,8.299999999999999
1704,2014-09-01,8.1
1705,2014-09-02,5.8
1706,2014-09-03,6.8999999999999995
1707,2014-09-04,6.9
1708,2014-09-05,4.8
1709,2014-09-06,6.9
1710,2014-09-07,7.0
1711,2014-09-08,7.4
1712,2014-09-09,8.700000000000001
1713,2014-09-10,7.4
1714,2014-09-11,8.6
1715,2014-09-12,8.5
1716,2014-09-13,8.2
1717,2014-09-14,8.799999999999999
1718,2014-09-15,9.0
1719,2014-09-16,8.700000000000001
1720,2014-09-17,7.699999999999999
1721,2014-09-18,8.399999999999999
1722,2014-09-19,5.8
1723,2014-09-20,8.5
1724,2014-09-21,7.1
1725,2014-09-22,6.4
1726,2014-09-23,9.4
1727,2014-09-24,9.0
1728,2014-09-25,4.699999999999999
1729,2014-09-26,8.299999999999999
1730,2014-09-27,9.0
1731,2014-09-28,10.700000000000001
1732,2014-09-29,11.200000000000001
1733,2014-09-30,9.499999999999998
1734,2014-10-01,11.299999999999999
1735,2014-10-02,10.4
1736,2014-10-03,10.799999999999999
1737,2014-10-04,9.8
1738,2014-10-05,10.9
1739,2014-10-06,11.2
1740,2014-10-07,9.8
1741,2014-10-08,9.299999999999999
1742,2014-10-09,8.7
1743,2014-10-10,10.0
1744,2014-10-11,10.1
1745,2014-10-12,9.799999999999999
1746,2014-10-13,7.299999999999999
1747,2014-10-14,5.8
1748,2014-10-15,5.699999999999999
1749,2014-10-16,10.5
1750,2014-10-17,10.1
1751,2014-10-18,10.6
1752,2014-10-19,11.299999999999999
1753,2014-10-20,10.3
1754,2014-10-21,10.0
1755,2014-10-22,11.100000000000001
1756,2014-10-23,10.700000000000001
1757,2014-10-24,10.600000000000001
1758,2014-10-25,11.9
1759,2014-10-26,11.999999999999998
1760,2014-10-27,9.499999999999998
1761,2014-10-28,12.1
1762,2014-10-29,11.7
1763,2014-10-30,11.200000000000001
1764,2014-10-31,11.599999999999998
1765,2014-11-01,10.7
1766,2014-11-02,9.2
1767,2014-11-03,12.0
1768,2014-11-04,9.2
1769,2014-11-05,8.8
1770,2014-11-06,10.9
1771,2014-11-07,10.599999999999998
1772,2014-11-08,14.200000000000001
1773,2014-11-09,13.799999999999999
1774,2014-11-10,12.6
1775,2014-11-11,12.499999999999998
1776,2014-11-12,12.999999999999998
1777,2014-11-13,11.699999999999998
1778,2014-11-14,13.6
1779,2014-11-15,11.0
1780,2014-11-16,10.1
1781,2014-11-17,12.5
1782,2014-11-18,11.799999999999999
1783,2014-11-19,11.6
1784,2014-11-20,12.299999999999999
1785,2014-11-21,13.3
1786,2014-11-22,13.5
1787,2014-11-23,13.0
1788,2014-11-24,10.6
1789,2014-11-25,5.9
1790,2014-11-26,6.8
1791,2014-11-27,9.200000000000001
1792,2014-11-28,9.8
1793,2014-11-29,11.6
1794,2014-11-30,11.0
1795,2014-12-01,8.000000000000002
1796,2014-12-02,12.200000000000001
1797,2014-12-03,10.1
1798,2014-12-04,5.3999999999999995
1799,2014-12-05,10.3
1800,2014-12-06,7.799999999999999
1801,2014-12-07,15.799999999999997
1802,2014-12-08,13.499999999999998
1803,2014-12-09,12.899999999999999
1804,2014-12-10,15.3
1805,2014-12-11,9.3
1806,2014-12-12,9.299999999999999
1807,2014-12-13,10.0
1808,2014-12-14,14.799999999999999
1809,2014-12-15,15.0
1810,2014-12-16,9.7
1811,2014-12-17,14.399999999999999
1812,2014-12-18,8.0
1813,2014-12-19,14.1
1814,2014-12-20,13.3
1815,2014-12-21,12.499999999999998
1816,2014-12-22,12.9
1817,2014-12-23,5.999999999999999
1818,2014-12-24,12.6
1819,2014-12-25,9.3
1820,2014-12-26,10.700000000000001
1821,2014-12-27,8.0
1822,2014-12-28,7.699999999999999
1823,2014-12-29,15.4
1824,2014-12-30,22.5
1825,2014-12-31,20.9
1826,2015-01-01,21.5
1827,2015-01-02,9.899999999999999
1828,2015-01-03,24.9
1829,2015-01-04,25.299999999999997
1830,2015-01-05,10.3
1831,2015-01-06,20.4
1832,2015-01-07,20.6
1833,2015-01-08,19.499999999999996
1834,2015-01-09,16.9
1835,2015-01-10,12.9
1836,2015-01-11,7.6000000000000005
1837,2015-01-12,5.8
1838,2015-01-13,10.499999999999998
1839,2015-01-14,12.200000000000001
1840,2015-01-15,16.9
1841,2015-01-16,18.3
1842,2015-01-17,18.099999999999998
1843,2015-01-18,17.099999999999998
1844,2015-01-19,12.1
1845,2015-01-20,11.1
1846,2015-01-21,10.5
1847,2015-01-22,13.199999999999998
1848,2015-01-23,8.6
1849,2015-01-24,16.1
1850,2015-01-25,15.7
1851,2015-01-26,10.200000000000001
1852,2015-01-27,7.6000000000000005
1853,2015-01-28,6.799999999999999
1854,2015-01-29,17.400000000000002
1855,2015-01-30,17.8
1856,2015-01-31,17.9
1857,2015-02-01,16.7
1858,2015-02-02,12.9
1859,2015-02-03,10.9
1860,2015-02-04,16.4
1861,2015-02-05,14.3
1862,2015-02-06,14.2
1863,2015-02-07,13.6
1864,2015-02-08,15.2
1865,2015-02-09,14.7
1866,2015-02-10,13.2
1867,2015-02-11,12.1
1868,2015-02-12,12.0
1869,2015-02-13,11.5
1870,2015-02-14,10.899999999999999
1871,2015-02-15,10.6
1872,2015-02-16,10.899999999999999
1873,2015-02-17,10.999999999999998
1874,2015-02-18,11.2
1875,2015-02-19,9.299999999999999
1876,2015-02-20,5.3999999999999995
1877,2015-02-21,6.699999999999999
1878,2015-02-22,8.8
1879,2015-02-23,11.2
1880,2015-02-24,9.4
1881,2015-02-25,10.5
1882,2015-02-26,7.699999999999999
1883,2015-02-27,10.0
1884,2015-02-28,10.299999999999999
1885,2015-03-01,10.899999999999999
1886,2015-03-02,9.9
1887,2015-03-03,12.600000000000001
1888,2015-03-04,11.2
1889,2015-03-05,11.699999999999998
1890,2015-03-06,11.4
1891,2015-03-07,10.200000000000001
1892,2015-03-08,6.800000000000001
1893,2015-03-09,10.8
1894,2015-03-10,7.899999999999999
1895,2015-03-11,8.0
1896,2015-03-12,6.2
1897,2015-03-13,6.0
1898,2015-03-14,9.1
1899,2015-03-15,7.9
1900,2015-03-16,8.899999999999999
1901,2015-03-17,6.9
1902,2015-03-18,8.0
1903,2015-03-19,10.200000000000001
1904,2015-03-20,9.399999999999999
1905,2015-03-21,5.8
1906,2015-03-22,6.5
1907,2015-03-23,7.6
1908,2015-03-24,8.6
1909,2015-03-25,8.7
1910,2015-03-26,8.4
1911,2015-03-27,7.9
1912,2015-03-28,7.8
1913,2015-03-29,6.3999999999999995
1914,2015-03-30,3.4
1915,2015-03-31,4.1
1916,2015-04-01,5.3999999999999995
1917,2015-04-02,5.999999999999999
1918,2015-04-03,3.1
1919,2015-04-04,3.0999999999999996
1920,2015-04-05,4.799999999999999
1921,2015-04-06,5.8999999999999995
1922,2015-04-07,7.199999999999999
1923,2015-04-08,4.8999999999999995
1924,2015-04-09,6.6
1925,2015-04-10,5.499999999999999
1926,2015-04-11,6.099999999999999
1927,2015-04-12,4.699999999999999
1928,2015-04-13,7.300000000000001
1929,2015-04-14,5.7
1930,2015-04-15,6.499999999999999
1931,2015-04-16,6.8
1932,2015-04-17,5.7
1933,2015-04-18,3.4
1934,2015-04-19,3.2
1935,2015-04-20,3.2
1936,2015-04-21,2.1
1937,2015-04-22,2.9
1938,2015-04-23,5.599999999999999
1939,2015-04-24,5.699999999999999
1940,2015-04-25,7.1
1941,2015-04-26,2.9999999999999996
1942,2015-04-27,6.099999999999999
1943,2015-04-28,6.099999999999999
1944,2015-04-29,5.2
1945,2015-04-30,3.5999999999999996
1946,2015-05-01,2.5
1947,2015-05-02,4.6
1948,2015-05-03,3.3999999999999995
1949,2015-05-04,4.2
1950,2015-05-05,5.8999999999999995
1951,2015-05-06,5.599999999999999
1952,2015-05-07,5.1
1953,2015-05-08,5.1
1954,2015-05-09,5.1
1955,2015-05-10,4.999999999999999
1956,2015-05-11,5.1
1957,2015-05-12,4.3
1958,2015-05-13,2.8
1959,2015-05-14,4.5
1960,2015-05-15,3.5
1961,2015-05-16,3.3999999999999995
1962,2015-05-17,3.4
1963,2015-05-18,2.9
1964,2015-05-19,2.9
1965,2015-05-20,3.4
1966,2015-05-21,1.9000000000000001
1967,2015-05-22,1.8
1968,2015-05-23,2.8
1969,2015-05-24,4.6
1970,2015-05-25,3.4
1971,2015-05-26,2.1
1972,2015-05-27,3.7
1973,2015-05-28,4.0
1974,2015-05-29,2.0
1975,2015-05-30,2.0
1976,2015-05-31,1.9
1977,2015-06-01,2.9999999999999996
1978,2015-06-02,4.6
1979,2015-06-03,3.5
1980,2015-06-04,4.8999999999999995
1981,2015-06-05,2.4
1982,2015-06-06,4.8
1983,2015-06-07,4.8999999999999995
1984,2015-06-08,4.1
1985,2015-06-09,4.0
1986,2015-06-10,4.0
1987,2015-06-11,3.1
1988,2015-06-12,2.8000000000000003
1989,2015-06-13,3.3999999999999995
1990,2015-06-14,3.2
1991,2015-06-15,2.8000000000000003
1992,2015-06-16,2.0
1993,2015-06-17,2.0
1994,2015-06-18,3.9
1995,2015-06-19,4.1
1996,2015-06-20,5.7
1997,2015-06-21,5.8999999999999995
1998,2015-06-22,5.4
1999,2015-06-23,4.8
2000,2015-06-24,2.5999999999999996
2001,2015-06-25,4.1
2002,2015-06-26,4.3
2003,2015-06-27,5.1000000000000005
2004,2015-06-28,5.1000000000000005
2005,2015-06-29,5.000000000000001
2006,2015-06-30,2.3
2007,2015-07-01,3.3
2008,2015-07-02,3.3
2009,2015-07-03,3.7
2010,2015-07-04,4.2
2011,2015-07-05,4.2
2012,2015-07-06,4.3
2013,2015-07-07,4.2
2014,2015-07-08,3.7
2015,2015-07-09,4.2
2016,2015-07-10,2.7
2017,2015-07-11,3.2
2018,2015-07-12,2.4
2019,2015-07-13,2.0
2020,2015-07-14,3.3
2021,2015-07-15,3.6
2022,2015-07-16,4.300000000000001
2023,2015-07-17,3.6999999999999997
2024,2015-07-18,5.299999999999999
2025,2015-07-19,5.399999999999999
2026,2015-07-20,5.199999999999999
2027,2015-07-21,5.8
2028,2015-07-22,3.1
2029,2015-07-23,3.9000000000000004
2030,2015-07-24,2.1999999999999997
2031,2015-07-25,4.8999999999999995
2032,2015-07-26,6.3999999999999995
2033,2015-07-27,6.999999999999999
2034,2015-07-28,7.1
2035,2015-07-29,6.7
2036,2015-07-30,6.6
2037,2015-07-31,6.6
2038,2015-08-01,6.3
2039,2015-08-02,6.9
2040,2015-08-03,6.800000000000001
2041,2015-08-04,4.3999999999999995
2042,2015-08-05,4.9
2043,2015-08-06,5.6000000000000005
2044,2015-08-07,6.1
2045,2015-08-08,6.3
2046,2015-08-09,7.1
2047,2015-08-10,6.4
2048,2015-08-11,6.5
2049,2015-08-12,5.4
2050,2015-08-13,6.4
2051,2015-08-14,6.699999999999999
2052,2015-08-15,6.5
2053,2015-08-16,6.4
2054,2015-08-17,6.4
2055,2015-08-18,6.8
2056,2015-08-19,6.300000000000001
2057,2015-08-20,7.4
2058,2015-08-21,6.4
2059,2015-08-22,6.8999999999999995
2060,2015-08-23,2.8000000000000003
2061,2015-08-24,4.9
2062,2015-08-25,6.6
2063,2015-08-26,8.799999999999999
2064,2015-08-27,5.0
2065,2015-08-28,6.1000000000000005
2066,2015-08-29,9.1
2067,2015-08-30,8.8
2068,2015-08-31,7.8999999999999995
2069,2015-09-01,9.299999999999999
2070,2015-09-02,6.3
2071,2015-09-03,6.4
2072,2015-09-04,5.500000000000001
2073,2015-09-05,9.0
2074,2015-09-06,5.6
2075,2015-09-07,9.399999999999999
2076,2015-09-08,9.8
2077,2015-09-09,11.0
2078,2015-09-10,8.799999999999999
2079,2015-09-11,10.7
2080,2015-09-12,11.3
2081,2015-09-13,10.9
2082,2015-09-14,11.200000000000001
2083,2015-09-15,11.3
2084,2015-09-16,9.1
2085,2015-09-17,7.9
2086,2015-09-18,7.0
2087,2015-09-19,7.9
2088,2015-09-20,6.8999999999999995
2089,2015-09-21,10.100000000000001
2090,2015-09-22,10.0
2091,2015-09-23,6.8
2092,2015-09-24,8.1
2093,2015-09-25,4.8
2094,2015-09-26,7.199999999999999
2095,2015-09-27,8.6
2096,2015-09-28,10.299999999999999
2097,2015-09-29,10.1
2098,2015-09-30,9.7
2099,2015-10-01,10.1
2100,2015-10-02,11.0
2101,2015-10-03,12.1
2102,2015-10-04,11.699999999999998
2103,2015-10-05,12.4
2104,2015-10-06,11.999999999999998
2105,2015-10-07,10.399999999999999
2106,2015-10-08,6.9
2107,2015-10-09,10.9
2108,2015-10-10,10.1
2109,2015-10-11,10.1
2110,2015-10-12,9.1
2111,2015-10-13,8.899999999999999
2112,2015-10-14,10.1
2113,2015-10-15,10.6
2114,2015-10-16,11.4
2115,2015-10-17,11.2
2116,2015-10-18,9.100000000000001
2117,2015-10-19,11.299999999999999
2118,2015-10-20,11.199999999999998
2119,2015-10-21,9.3
2120,2015-10-22,5.9
2121,2015-10-23,9.299999999999999
2122,2015-10-24,11.5
2123,2015-10-25,10.899999999999999
2124,2015-10-26,11.099999999999998
2125,2015-10-27,7.6
2126,2015-10-28,10.0
2127,2015-10-29,11.399999999999999
2128,2015-10-30,12.8
2129,2015-10-31,5.499999999999999
2130,2015-11-01,11.3
2131,2015-11-02,5.699999999999999
2132,2015-11-03,8.2
2133,2015-11-04,7.0
2134,2015-11-05,8.1
2135,2015-11-06,12.5
2136,2015-11-07,17.2
2137,2015-11-08,9.499999999999998
2138,2015-11-09,13.799999999999999
2139,2015-11-10,15.9
2140,2015-11-11,11.5
2141,2015-11-12,10.799999999999999
2142,2015-11-13,12.5
2143,2015-11-14,7.5
2144,2015-11-15,11.2
2145,2015-11-16,17.1
2146,2015-11-17,17.8
2147,2015-11-18,20.0
2148,2015-11-19,19.3
2149,2015-11-20,20.0
2150,2015-11-21,16.299999999999997
2151,2015-11-22,14.1
2152,2015-11-23,14.7
2153,2015-11-24,14.5
2154,2015-11-25,15.8
2155,2015-11-26,15.4
2156,2015-11-27,10.1
2157,2015-11-28,9.9
2158,2015-11-29,11.299999999999999
2159,2015-11-30,14.5
2160,2015-12-01,10.299999999999999
2161,2015-12-02,9.299999999999999
2162,2015-12-03,9.9
2163,2015-12-04,13.799999999999999
2164,2015-12-05,14.299999999999999
2165,2015-12-06,14.599999999999998
2166,2015-12-07,13.899999999999999
2167,2015-12-08,10.899999999999999
2168,2015-12-09,9.299999999999999
2169,2015-12-10,11.799999999999999
2170,2015-12-11,14.0
2171,2015-12-12,11.700000000000001
2172,2015-12-13,11.399999999999999
2173,2015-12-14,14.1
2174,2015-12-15,11.5
2175,2015-12-16,10.1
2176,2015-12-17,9.200000000000001
2177,2015-12-18,14.7
2178,2015-12-19,14.3
2179,2015-12-20,14.299999999999999
2180,2015-12-21,10.9
2181,2015-12-22,7.699999999999999
2182,2015-12-23,5.6
2183,2015-12-24,8.1
2184,2015-12-25,18.5
2185,2015-12-26,14.499999999999998
2186,2015-12-27,12.6
2187,2015-12-28,12.5
2188,2015-12-29,15.5
2189,2015-12-30,16.4
2190,2015-12-31,15.299999999999999
2191,2016-01-01,13.7
2192,2016-01-02,10.0
2193,2016-01-03,6.200000000000001
2194,2016-01-04,6.0
2195,2016-01-05,8.1
2196,2016-01-06,9.299999999999999
2197,2016-01-07,10.7
2198,2016-01-08,13.9
2199,2016-01-09,9.6
2200,2016-01-10,14.599999999999998
2201,2016-01-11,15.499999999999998
2202,2016-01-12,13.7
2203,2016-01-13,13.8
2204,2016-01-14,12.7
2205,2016-01-15,5.3999999999999995
2206,2016-01-16,7.0
2207,2016-01-17,8.6
2208,2016-01-18,12.700000000000001
2209,2016-01-19,14.2
2210,2016-01-20,14.100000000000001
2211,2016-01-21,11.299999999999999
2212,2016-01-22,11.1
2213,2016-01-23,12.1
2214,2016-01-24,11.6
2215,2016-01-25,10.899999999999999
2216,2016-01-26,11.399999999999999
2217,2016-01-27,6.6
2218,2016-01-28,7.0
2219,2016-01-29,8.5
2220,2016-01-30,15.0
2221,2016-01-31,14.2
2222,2016-02-01,12.5
2223,2016-02-02,12.9
2224,2016-02-03,9.999999999999998
2225,2016-02-04,7.1
2226,2016-02-05,8.299999999999999
2227,2016-02-06,7.5
2228,2016-02-07,11.2
2229,2016-02-08,12.299999999999999
2230,2016-02-09,11.399999999999999
2231,2016-02-10,11.9
2232,2016-02-11,11.2
2233,2016-02-12,11.1
2234,2016-02-13,12.5
2235,2016-02-14,13.299999999999999
2236,2016-02-15,11.299999999999999
2237,2016-02-16,12.8
2238,2016-02-17,11.700000000000001
2239,2016-02-18,11.1
2240,2016-02-19,12.1
2241,2016-02-20,9.9
2242,2016-02-21,11.299999999999999
2243,2016-02-22,12.4
2244,2016-02-23,12.799999999999999
2245,2016-02-24,12.5
2246,2016-02-25,12.899999999999999
2247,2016-02-26,12.5
2248,2016-02-27,10.499999999999998
2249,2016-02-28,10.9
2250,2016-02-29,11.1
2251,2016-03-01,9.6
2252,2016-03-02,10.700000000000001
2253,2016-03-03,9.299999999999999
2254,2016-03-04,10.1
2255,2016-03-05,10.7
2256,2016-03-06,10.299999999999999
2257,2016-03-07,11.1
2258,2016-03-08,10.399999999999999
2259,2016-03-09,10.1
2260,2016-03-10,9.5
2261,2016-03-11,10.5
2262,2016-03-12,10.299999999999999
2263,2016-03-13,10.2
2264,2016-03-14,7.7
2265,2016-03-15,8.6
2266,2016-03-16,5.5
2267,2016-03-17,5.8
2268,2016-03-18,6.2
2269,2016-03-19,7.0
2270,2016-03-20,6.1
2271,2016-03-21,6.0
2272,2016-03-22,7.1000000000000005
2273,2016-03-23,7.8999999999999995
2274,2016-03-24,8.7
2275,2016-03-25,5.8999999999999995
2276,2016-03-26,8.3
2277,2016-03-27,7.6000000000000005
2278,2016-03-28,7.3
2279,2016-03-29,6.0
2280,2016-03-30,3.4
2281,2016-03-31,7.7
2282,2016-04-01,7.8
2283,2016-04-02,7.999999999999999
2284,2016-04-03,7.2
2285,2016-04-04,6.799999999999999
2286,2016-04-05,7.8
2287,2016-04-06,7.8
2288,2016-04-07,6.1
2289,2016-04-08,4.699999999999999
2290,2016-04-09,5.8
2291,2016-04-10,6.9
2292,2016-04-11,6.5
2293,2016-04-12,6.199999999999999
2294,2016-04-13,6.199999999999999
2295,2016-04-14,6.0
2296,2016-04-15,6.4
2297,2016-04-16,6.0
2298,2016-04-17,4.999999999999999
2299,2016-04-18,4.3999999999999995
2300,2016-04-19,4.999999999999999
2301,2016-04-20,5.8999999999999995
2302,2016-04-21,5.4
2303,2016-04-22,4.999999999999999
2304,2016-04-23,3.5000000000000004
2305,2016-04-24,4.8999999999999995
2306,2016-04-25,4.3999999999999995
2307,2016-04-26,5.2
2308,2016-04-27,5.699999999999999
2309,2016-04-28,4.499999999999999
2310,2016-04-29,4.1
2311,2016-04-30,3.1
2312,2016-05-01,1.7
2313,2016-05-02,3.6
2314,2016-05-03,4.1
2315,2016-05-04,5.5
2316,2016-05-05,5.199999999999999
2317,2016-05-06,4.699999999999999
2318,2016-05-07,4.199999999999999
2319,2016-05-08,2.8
2320,2016-05-09,2.9
2321,2016-05-10,3.1
2322,2016-05-11,4.499999999999999
2323,2016-05-12,3.8000000000000003
2324,2016-05-13,4.199999999999999
2325,2016-05-14,4.299999999999999
2326,2016-05-15,3.4
2327,2016-05-16,3.1
2328,2016-05-17,1.7
2329,2016-05-18,2.2
2330,2016-05-19,3.8000000000000003
2331,2016-05-20,3.8000000000000003
2332,2016-05-21,3.1
2333,2016-05-22,4.0
2334,2016-05-23,3.7
2335,2016-05-24,3.4
2336,2016-05-25,3.0
2337,2016-05-26,1.3
2338,2016-05-27,2.4999999999999996
2339,2016-05-28,1.8
2340,2016-05-29,3.0
2341,2016-05-30,3.0
2342,2016-05-31,2.6999999999999997
2343,2016-06-01,2.3000000000000003
2344,2016-06-02,1.8
2345,2016-06-03,1.9000000000000001
2346,2016-06-04,1.7
2347,2016-06-05,1.5
2348,2016-06-06,1.4999999999999998
2349,2016-06-07,2.0
2350,2016-06-08,3.4
2351,2016-06-09,1.9
2352,2016-06-10,2.8
2353,2016-06-11,1.8
2354,2016-06-12,3.0
2355,2016-06-13,2.6999999999999997
2356,2016-06-14,3.8
2357,2016-06-15,3.7
2358,2016-06-16,2.9
2359,2016-06-17,2.1999999999999997
2360,2016-06-18,1.8
2361,2016-06-19,2.3
2362,2016-06-20,2.5
2363,2016-06-21,3.4000000000000004
2364,2016-06-22,4.2
2365,2016-06-23,3.6999999999999997
2366,2016-06-24,5.199999999999999
2367,2016-06-25,20.400000000000002
2368,2016-06-26,2.8000000000000003
2369,2016-06-27,2.4
2370,2016-06-28,5.6
2371,2016-06-29,6.5
2372,2016-06-30,4.4
2373,2016-07-01,4.8
2374,2016-07-02,5.299999999999999
2375,2016-07-03,5.500000000000001
2376,2016-07-04,2.5
2377,2016-07-05,1.4000000000000001
2378,2016-07-06,2.9
2379,2016-07-07,3.0
2380,2016-07-08,8.8
2381,2016-07-09,4.8999999999999995
2382,2016-07-10,6.8
2383,2016-07-11,5.3999999999999995
2384,2016-07-12,5.0
2385,2016-07-13,6.7
2386,2016-07-14,4.4
2387,2016-07-15,4.4
2388,2016-07-16,2.7
2389,2016-07-17,5.0
2390,2016-07-18,5.8
2391,2016-07-19,4.6
2392,2016-07-20,4.5
2393,2016-07-21,3.6
2394,2016-07-22,4.9
2395,2016-07-23,7.7
2396,2016-07-24,3.9
2397,2016-07-25,6.3999999999999995
2398,2016-07-26,5.7
2399,2016-07-27,5.4
2400,2016-07-28,6.999999999999999
2401,2016-07-29,6.7
2402,2016-07-30,7.2
2403,2016-07-31,6.199999999999999
2404,2016-08-01,5.7
2405,2016-08-02,3.0
2406,2016-08-03,2.3999999999999995
2407,2016-08-04,5.8
2408,2016-08-05,7.1
2409,2016-08-06,6.2
2410,2016-08-07,4.3
2411,2016-08-08,8.3
2412,2016-08-09,6.8999999999999995
2413,2016-08-10,7.3
2414,2016-08-11,5.500000000000001
2415,2016-08-12,7.6
2416,2016-08-13,7.7
2417,2016-08-14,8.2
2418,2016-08-15,7.5
2419,2016-08-16,8.899999999999999
2420,2016-08-17,8.2
2421,2016-08-18,8.799999999999999
2422,2016-08-19,6.599999999999999
2423,2016-08-20,6.6
2424,2016-08-21,7.6
2425,2016-08-22,3.7
2426,2016-08-23,3.0
2427,2016-08-24,3.8000000000000003
2428,2016-08-25,6.9
2429,2016-08-26,24.5
2430,2016-08-27,12.100000000000001
2431,2016-08-28,13.0
2432,2016-08-29,12.200000000000001
2433,2016-08-30,11.700000000000001
2434,2016-08-31,6.1
2435,2016-09-01,7.5
2436,2016-09-02,6.499999999999999
2437,2016-09-03,6.6000000000000005
2438,2016-09-04,43.900000000000006
2439,2016-09-05,17.9
2440,2016-09-06,16.8
2441,2016-09-07,13.7
2442,2016-09-08,11.500000000000002
2443,2016-09-09,8.299999999999999
2444,2016-09-10,11.7
2445,2016-09-11,12.0
2446,2016-09-12,15.399999999999999
2447,2016-09-13,7.800000000000001
2448,2016-09-14,6.8
2449,2016-09-15,24.700000000000003
2450,2016-09-16,32.1
2451,2016-09-17,27.799999999999997
2452,2016-09-18,9.3
2453,2016-09-19,13.5
2454,2016-09-20,22.3
2455,2016-09-21,8.6
2456,2016-09-22,11.3
2457,2016-09-23,17.1
2458,2016-09-24,18.3
2459,2016-09-25,10.099999999999998
2460,2016-09-26,17.1
2461,2016-09-27,17.9
2462,2016-09-28,17.2
2463,2016-09-29,4.2
2464,2016-09-30,11.6
2465,2016-10-01,13.7
2466,2016-10-02,18.2
2467,2016-10-03,7.6
2468,2016-10-04,17.5
2469,2016-10-05,20.999999999999996
2470,2016-10-06,19.5
2471,2016-10-07,19.5
2472,2016-10-08,12.4
2473,2016-10-09,18.299999999999997
2474,2016-10-10,17.400000000000002
2475,2016-10-11,17.3
2476,2016-10-12,14.300000000000002
2477,2016-10-13,9.399999999999999
2478,2016-10-14,14.6
2479,2016-10-15,16.6
2480,2016-10-16,16.200000000000003
2481,2016-10-17,6.1
2482,2016-10-18,15.5
2483,2016-10-19,16.400000000000002
2484,2016-10-20,14.3
2485,2016-10-21,13.699999999999998
2486,2016-10-22,7.0
2487,2016-10-23,16.8
2488,2016-10-24,20.6
2489,2016-10-25,20.599999999999998
2490,2016-10-26,16.7
2491,2016-10-27,15.2
2492,2016-10-28,13.299999999999999
2493,2016-10-29,16.6
2494,2016-10-30,17.000000000000004
2495,2016-10-31,15.700000000000001
2496,2016-11-01,18.7
2497,2016-11-02,23.1
2498,2016-11-03,17.7
2499,2016-11-04,21.0
2500,2016-11-05,20.3
2501,2016-11-06,19.599999999999998
2502,2016-11-07,19.499999999999996
2503,2016-11-08,14.700000000000001
2504,2016-11-09,14.500000000000002
2505,2016-11-10,17.3
2506,2016-11-11,15.4
2507,2016-11-12,16.500000000000004
2508,2016-11-13,21.3
2509,2016-11-14,18.0
2510,2016-11-15,21.400000000000002
2511,2016-11-16,22.1
2512,2016-11-17,20.2
2513,2016-11-18,22.6
2514,2016-11-19,18.999999999999996
2515,2016-11-20,19.499999999999996
2516,2016-11-21,22.200000000000003
2517,2016-11-22,19.400000000000002
2518,2016-11-23,18.5
2519,2016-11-24,17.799999999999997
2520,2016-11-25,14.799999999999999
2521,2016-11-26,17.0
2522,2016-11-27,15.799999999999999
2523,2016-11-28,16.599999999999998
2524,2016-11-29,16.999999999999996
2525,2016-11-30,13.6
2526,2016-12-01,13.4
2527,2016-12-02,16.7
2528,2016-12-03,15.5
2529,2016-12-04,14.799999999999999
2530,2016-12-05,16.9
2531,2016-12-06,11.299999999999999
2532,2016-12-07,10.7
2533,2016-12-08,11.2
2534,2016-12-09,17.4
2535,2016-12-10,19.999999999999996
2536,2016-12-11,19.3
2537,2016-12-12,19.6
2538,2016-12-13,20.299999999999997
2539,2016-12-14,15.3
2540,2016-12-15,9.6
2541,2016-12-16,6.4
2542,2016-12-17,15.2
2543,2016-12-18,12.899999999999999
2544,2016-12-19,14.3
2545,2016-12-20,14.000000000000002
2546,2016-12-21,18.2
2547,2016-12-22,12.6
2548,2016-12-23,17.299999999999997
2549,2016-12-24,14.4
2550,2016-12-25,14.299999999999999
2551,2016-12-26,19.8
2552,2016-12-27,19.599999999999998
2553,2016-12-28,21.3
2554,2016-12-29,21.7
2555,2016-12-30,18.599999999999998
2556,2016-12-31,17.7
2557,2017-01-01,13.4
2558,2017-01-02,12.299999999999999
2559,2017-01-03,17.599999999999998
2560,2017-01-04,15.799999999999999
2561,2017-01-05,18.599999999999998
2562,2017-01-06,15.499999999999998
2563,2017-01-07,13.8
2564,2017-01-08,16.3
2565,2017-01-09,18.9
2566,2017-01-10,16.099999999999998
2567,2017-01-11,10.6
2568,2017-01-12,16.8
2569,2017-01-13,18.2
2570,2017-01-14,13.899999999999999
2571,2017-01-15,9.9
2572,2017-01-16,13.3
2573,2017-01-17,18.0
2574,2017-01-18,16.8
2575,2017-01-19,13.9
2576,2017-01-20,9.8
2577,2017-01-21,13.700000000000001
2578,2017-01-22,21.4
2579,2017-01-23,21.8
2580,2017-01-24,19.400000000000002
2581,2017-01-25,12.199999999999998
2582,2017-01-26,9.499999999999998
2583,2017-01-27,16.200000000000003
2584,2017-01-28,21.199999999999996
2585,2017-01-29,20.799999999999997
2586,2017-01-30,22.2
2587,2017-01-31,19.900000000000002
2588,2017-02-01,19.9
2589,2017-02-02,16.8
2590,2017-02-03,12.799999999999999
2591,2017-02-04,14.3
2592,2017-02-05,16.0
2593,2017-02-06,19.5
2594,2017-02-07,17.299999999999997
2595,2017-02-08,15.899999999999999
2596,2017-02-09,16.9
2597,2017-02-10,17.599999999999998
2598,2017-02-11,17.7
2599,2017-02-12,15.299999999999999
2600,2017-02-13,15.3
2601,2017-02-14,13.0
2602,2017-02-15,11.7
2603,2017-02-16,15.5
2604,2017-02-17,16.0
2605,2017-02-18,14.799999999999999
2606,2017-02-19,9.7
2607,2017-02-20,14.299999999999999
2608,2017-02-21,12.499999999999998
2609,2017-02-22,14.799999999999999
2610,2017-02-23,16.099999999999998
2611,2017-02-24,15.7
2612,2017-02-25,11.799999999999999
2613,2017-02-26,9.399999999999999
2614,2017-02-27,7.9
2615,2017-02-28,7.6
2616,2017-03-01,9.1
2617,2017-03-02,8.4
2618,2017-03-03,10.1
2619,2017-03-04,5.1
2620,2017-03-05,9.299999999999999
2621,2017-03-06,7.9
2622,2017-03-07,9.7
2623,2017-03-08,8.6
2624,2017-03-09,8.6
2625,2017-03-10,9.7
2626,2017-03-11,10.4
2627,2017-03-12,10.4
2628,2017-03-13,5.2
2629,2017-03-14,6.199999999999999
2630,2017-03-15,6.4
2631,2017-03-16,9.899999999999999
2632,2017-03-17,6.300000000000001
2633,2017-03-18,4.3
2634,2017-03-19,9.5
2635,2017-03-20,6.5
2636,2017-03-21,5.799999999999999
2637,2017-03-22,4.3999999999999995
2638,2017-03-23,9.9
2639,2017-03-24,6.7
2640,2017-03-25,10.6
2641,2017-03-26,9.6
2642,2017-03-27,13.8
2643,2017-03-28,15.299999999999999
2644,2017-03-29,11.999999999999998
2645,2017-03-30,4.2
2646,2017-03-31,8.899999999999999
2647,2017-04-01,7.6
2648,2017-04-02,5.8
2649,2017-04-03,7.9
2650,2017-04-04,7.2
2651,2017-04-05,7.9
2652,2017-04-06,6.7
2653,2017-04-07,7.799999999999999
2654,2017-04-08,8.999999999999998
2655,2017-04-09,6.700000000000001
2656,2017-04-10,7.800000000000001
2657,2017-04-11,8.5
2658,2017-04-12,8.7
2659,2017-04-13,6.5
2660,2017-04-14,8.0
2661,2017-04-15,8.4
2662,2017-04-16,7.399999999999999
2663,2017-04-17,6.9
2664,2017-04-18,7.199999999999999
2665,2017-04-19,6.4
2666,2017-04-20,7.1
2667,2017-04-21,6.8
2668,2017-04-22,4.699999999999999
2669,2017-04-23,5.0
2670,2017-04-24,5.6
2671,2017-04-25,5.1
2672,2017-04-26,4.699999999999999
2673,2017-04-27,3.4000000000000004
2674,2017-04-28,5.499999999999999
2675,2017-04-29,7.3999999999999995
2676,2017-04-30,6.9
2677,2017-05-01,5.000000000000001
2678,2017-05-02,4.1
2679,2017-05-03,4.0
2680,2017-05-04,4.0
2681,2017-05-05,6.4
2682,2017-05-06,6.300000000000001
2683,2017-05-07,6.4
2684,2017-05-08,5.6
2685,2017-05-09,5.1000000000000005
2686,2017-05-10,4.8
2687,2017-05-11,5.5
2688,2017-05-12,3.7
2689,2017-05-13,2.8
2690,2017-05-14,3.4000000000000004
2691,2017-05-15,4.3999999999999995
2692,2017-05-16,4.9
2693,2017-05-17,5.0
2694,2017-05-18,4.699999999999999
2695,2017-05-19,2.3
2696,2017-05-20,3.1
2697,2017-05-21,5.0
2698,2017-05-22,4.6
2699,2017-05-23,5.2
2700,2017-05-24,5.1
2701,2017-05-25,5.2
2702,2017-05-26,4.8
2703,2017-05-27,4.5
2704,2017-05-28,2.8000000000000003
2705,2017-05-29,4.3999999999999995
2706,2017-05-30,4.0
2707,2017-05-31,3.2
2708,2017-06-01,3.9
2709,2017-06-02,4.0
2710,2017-06-03,2.8000000000000003
2711,2017-06-04,3.5
2712,2017-06-05,3.6
2713,2017-06-06,3.7
2714,2017-06-07,1.9000000000000001
2715,2017-06-08,2.1999999999999997
2716,2017-06-09,2.3
2717,2017-06-10,2.5
2718,2017-06-11,2.5
2719,2017-06-12,3.1
2720,2017-06-13,3.7
2721,2017-06-14,3.1999999999999997
2722,2017-06-15,3.5999999999999996
2723,2017-06-16,2.9999999999999996
2724,2017-06-17,3.0
2725,2017-06-18,3.1999999999999997
2726,2017-06-19,4.3999999999999995
2727,2017-06-20,4.3
2728,2017-06-21,4.1
2729,2017-06-22,4.8
2730,2017-06-23,4.199999999999999
2731,2017-06-24,4.3999999999999995
2732,2017-06-25,2.9
2733,2017-06-26,4.5
2734,2017-06-27,2.4
2735,2017-06-28,2.3000000000000003
2736,2017-06-29,2.0
2737,2017-06-30,5.6000000000000005
2738,2017-07-01,5.3
2739,2017-07-02,4.8999999999999995
2740,2017-07-03,2.1999999999999997
2741,2017-07-04,4.3999999999999995
2742,2017-07-05,4.3
2743,2017-07-06,4.3
2744,2017-07-07,3.9
2745,2017-07-08,4.3999999999999995
2746,2017-07-09,4.3
2747,2017-07-10,3.0
2748,2017-07-11,4.1
2749,2017-07-12,2.8000000000000003
2750,2017-07-13,4.1
2751,2017-07-14,2.6999999999999997
2752,2017-07-15,2.0
2753,2017-07-16,4.3999999999999995
2754,2017-07-17,3.9000000000000004
2755,2017-07-18,4.999999999999999
2756,2017-07-19,3.0
2757,2017-07-20,5.1
2758,2017-07-21,4.699999999999999
2759,2017-07-22,5.1
2760,2017-07-23,5.599999999999999
2761,2017-07-24,5.1000000000000005
2762,2017-07-25,5.1000000000000005
2763,2017-07-26,4.8
2764,2017-07-27,5.0
2765,2017-07-28,4.8999999999999995
2766,2017-07-29,5.6
2767,2017-07-30,3.5
2768,2017-07-31,2.4
2769,2017-08-01,5.3
2770,2017-08-02,4.3
2771,2017-08-03,4.199999999999999
2772,2017-08-04,2.4
2773,2017-08-05,5.799999999999999
2774,2017-08-06,6.8
2775,2017-08-07,6.199999999999999
2776,2017-08-08,6.6000000000000005
2777,2017-08-09,6.3
2778,2017-08-10,6.9
2779,2017-08-11,5.7
2780,2017-08-12,5.8999999999999995
2781,2017-08-13,6.6
2782,2017-08-14,6.299999999999999
2783,2017-08-15,4.8999999999999995
2784,2017-08-16,6.6
2785,2017-08-17,6.7
2786,2017-08-18,5.8999999999999995
2787,2017-08-19,5.3999999999999995
2788,2017-08-20,5.2
2789,2017-08-21,2.3
2790,2017-08-22,7.0
2791,2017-08-23,7.3
2792,2017-08-24,6.4
2793,2017-08-25,4.5
2794,2017-08-26,6.7
2795,2017-08-27,5.599999999999999
2796,2017-08-28,6.1
2797,2017-08-29,6.6000000000000005
2798,2017-08-30,7.1
2799,2017-08-31,7.3
2800,2017-09-01,7.1
2801,2017-09-02,7.6
2802,2017-09-03,8.2
2803,2017-09-04,7.9
2804,2017-09-05,7.5
2805,2017-09-06,7.6
2806,2017-09-07,7.3
2807,2017-09-08,7.199999999999999
2808,2017-09-09,7.0
2809,2017-09-10,5.0
2810,2017-09-11,8.399999999999999
2811,2017-09-12,8.0
2812,2017-09-13,7.300000000000001
2813,2017-09-14,7.1
2814,2017-09-15,7.699999999999999
2815,2017-09-16,7.4
2816,2017-09-17,8.499999999999998
2817,2017-09-18,9.500000000000002
2818,2017-09-19,9.7
2819,2017-09-20,9.3
2820,2017-09-21,9.5
2821,2017-09-22,10.2
2822,2017-09-23,8.9
2823,2017-09-24,10.1
2824,2017-09-25,7.6
2825,2017-09-26,9.5
2826,2017-09-27,10.299999999999999
2827,2017-09-28,7.699999999999999
2828,2017-09-29,8.8
2829,2017-09-30,4.9
2830,2017-10-01,6.699999999999999
2831,2017-10-02,3.1
2832,2017-10-03,7.199999999999999
2833,2017-10-04,9.799999999999999
2834,2017-10-05,10.1
2835,2017-10-06,8.5
2836,2017-10-07,5.7
2837,2017-10-08,4.8
2838,2017-10-09,10.1
2839,2017-10-10,8.399999999999999
2840,2017-10-11,11.699999999999998
2841,2017-10-12,7.0
2842,2017-10-13,13.799999999999999
2843,2017-10-14,8.0
2844,2017-10-15,10.0
2845,2017-10-16,9.3
2846,2017-10-17,13.5
2847,2017-10-18,11.1
2848,2017-10-19,11.799999999999999
2849,2017-10-20,7.199999999999999
2850,2017-10-21,5.599999999999999
2851,2017-10-22,10.2
2852,2017-10-23,10.1
2853,2017-10-24,12.099999999999998
2854,2017-10-25,11.999999999999998
2855,2017-10-26,11.999999999999998
2856,2017-10-27,9.6
2857,2017-10-28,9.200000000000001
2858,2017-10-29,13.000000000000002
2859,2017-10-30,12.9
2860,2017-10-31,10.9
2861,2017-11-01,10.5
2862,2017-11-02,11.399999999999999
2863,2017-11-03,11.2
2864,2017-11-04,8.8
2865,2017-11-05,9.0
2866,2017-11-06,9.200000000000001
2867,2017-11-07,12.0
2868,2017-11-08,7.1
2869,2017-11-09,12.5
2870,2017-11-10,10.9
2871,2017-11-11,13.1
2872,2017-11-12,11.7
2873,2017-11-13,7.899999999999999
2874,2017-11-14,11.2
2875,2017-11-15,11.799999999999999
2876,2017-11-16,5.6
2877,2017-11-17,8.8
2878,2017-11-18,5.3999999999999995
2879,2017-11-19,8.1
2880,2017-11-20,12.2
2881,2017-11-21,12.600000000000001
2882,2017-11-22,10.4
2883,2017-11-23,11.9
2884,2017-11-24,12.199999999999998
2885,2017-11-25,14.2
2886,2017-11-26,13.1
2887,2017-11-27,9.3
2888,2017-11-28,11.700000000000001
2889,2017-11-29,8.7
2890,2017-11-30,8.799999999999999
2891,2017-12-01,12.1
2892,2017-12-02,5.6
2893,2017-12-03,14.299999999999999
2894,2017-12-04,13.6
2895,2017-12-05,11.1
2896,2017-12-06,12.0
2897,2017-12-07,14.7
2898,2017-12-08,11.9
2899,2017-12-09,12.1
2900,2017-12-10,13.1
2901,2017-12-11,14.6
2902,2017-12-12,14.299999999999999
2903,2017-12-13,14.2
2904,2017-12-14,14.799999999999999
2905,2017-12-15,11.4
2906,2017-12-16,13.399999999999999
2907,2017-12-17,11.5
2908,2017-12-18,13.7
2909,2017-12-19,12.499999999999998
2910,2017-12-20,14.5
2911,2017-12-21,5.999999999999999
2912,2017-12-22,9.7
2913,2017-12-23,12.799999999999999
2914,2017-12-24,14.399999999999999
2915,2017-12-25,10.399999999999999
2916,2017-12-26,8.4
2917,2017-12-27,12.899999999999999
2918,2017-12-28,13.799999999999997
2919,2017-12-29,13.099999999999998
2920,2017-12-30,6.7
2921,2017-12-31,13.099999999999998
2922,2018-01-01,15.0
2923,2018-01-02,14.399999999999999
2924,2018-01-03,13.1
2925,2018-01-04,13.7
2926,2018-01-05,14.399999999999999
2927,2018-01-06,15.499999999999998
2928,2018-01-07,16.4
2929,2018-01-08,15.399999999999999
2930,2018-01-09,13.099999999999998
2931,2018-01-10,11.0
2932,2018-01-11,10.700000000000001
2933,2018-01-12,13.5
2934,2018-01-13,12.299999999999999
2935,2018-01-14,12.5
2936,2018-01-15,12.0
2937,2018-01-16,11.7
2938,2018-01-17,13.099999999999998
2939,2018-01-18,13.5
2940,2018-01-19,14.0
2941,2018-01-20,14.299999999999999
2942,2018-01-21,14.299999999999999
2943,2018-01-22,14.399999999999999
2944,2018-01-23,13.5
2945,2018-01-24,13.700000000000001
2946,2018-01-25,11.799999999999999
2947,2018-01-26,11.9
2948,2018-01-27,13.4
2949,2018-01-28,8.7
2950,2018-01-29,14.8
2951,2018-01-30,15.4
2952,2018-01-31,6.6
2953,2018-02-01,6.199999999999999
2954,2018-02-02,5.8
2955,2018-02-03,9.6
2956,2018-02-04,10.4
2957,2018-02-05,12.2
2958,2018-02-06,11.999999999999998
2959,2018-02-07,11.799999999999999
2960,2018-02-08,12.2
2961,2018-02-09,12.599999999999998
2962,2018-02-10,12.899999999999999
2963,2018-02-11,10.8
2964,2018-02-12,12.899999999999999
2965,2018-02-13,11.999999999999998
2966,2018-02-14,12.899999999999999
2967,2018-02-15,12.099999999999998
2968,2018-02-16,11.5
2969,2018-02-17,10.3
2970,2018-02-18,12.299999999999997
2971,2018-02-19,10.2
2972,2018-02-20,5.3
2973,2018-02-21,10.600000000000001
2974,2018-02-22,9.6
2975,2018-02-23,7.399999999999999
2976,2018-02-24,7.499999999999999
2977,2018-02-25,7.9
2978,2018-02-26,3.6
2979,2018-02-27,9.3
2980,2018-02-28,9.899999999999999
2981,2018-03-01,10.4
2982,2018-03-02,7.8
2983,2018-03-03,9.399999999999999
2984,2018-03-04,7.599999999999999
2985,2018-03-05,6.499999999999999
2986,2018-03-06,4.3
2987,2018-03-07,8.299999999999999
2988,2018-03-08,7.199999999999999
2989,2018-03-09,7.4
2990,2018-03-10,8.0
2991,2018-03-11,10.2
2992,2018-03-12,10.799999999999999
2993,2018-03-13,9.799999999999999
2994,2018-03-14,8.4
2995,2018-03-15,9.6
2996,2018-03-16,8.7
2997,2018-03-17,10.6
2998,2018-03-18,10.2
2999,2018-03-19,11.2
3000,2018-03-20,9.2
3001,2018-03-21,5.6
3002,2018-03-22,4.3999999999999995
3003,2018-03-23,5.3
3004,2018-03-24,8.2
3005,2018-03-25,9.4
3006,2018-03-26,6.0
3007,2018-03-27,7.499999999999999
3008,2018-03-28,8.9
3009,2018-03-29,9.0
3010,2018-03-30,8.6
3011,2018-03-31,8.1
3012,2018-04-01,8.799999999999999
3013,2018-04-02,7.599999999999999
3014,2018-04-03,7.7
3015,2018-04-04,6.7
3016,2018-04-05,8.1
3017,2018-04-06,8.799999999999999
3018,2018-04-07,8.0
3019,2018-04-08,8.2
3020,2018-04-09,7.699999999999999
3021,2018-04-10,7.499999999999999
3022,2018-04-11,7.2
3023,2018-04-12,7.6
3024,2018-04-13,7.1
3025,2018-04-14,5.799999999999999
3026,2018-04-15,5.8
3027,2018-04-16,6.8999999999999995
3028,2018-04-17,6.9
3029,2018-04-18,5.699999999999999
3030,2018-04-19,5.6
3031,2018-04-20,5.6
3032,2018-04-21,5.1
3033,2018-04-22,5.3999999999999995
3034,2018-04-23,4.8
3035,2018-04-24,3.8000000000000003
3036,2018-04-25,3.9
3037,2018-04-26,5.2
3038,2018-04-27,4.8
3039,2018-04-28,3.2
3040,2018-04-29,3.5
3041,2018-04-30,4.6
3042,2018-05-01,4.3999999999999995
3043,2018-05-02,4.2
3044,2018-05-03,4.0
3045,2018-05-04,3.3000000000000003
3046,2018-05-05,4.699999999999999
3047,2018-05-06,4.6
3048,2018-05-07,4.3
3049,2018-05-08,2.5999999999999996
3050,2018-05-09,4.499999999999999
3051,2018-05-10,3.7
3052,2018-05-11,3.2
3053,2018-05-12,1.7
3054,2018-05-13,2.7
3055,2018-05-14,2.8
3056,2018-05-15,4.1
3057,2018-05-16,3.8000000000000003
3058,2018-05-17,4.1
3059,2018-05-18,4.0
3060,2018-05-19,4.0
3061,2018-05-20,3.4
3062,2018-05-21,3.2
3063,2018-05-22,3.2
3064,2018-05-23,3.1
3065,2018-05-24,3.3000000000000003
3066,2018-05-25,2.7
3067,2018-05-26,3.1
3068,2018-05-27,2.4999999999999996
3069,2018-05-28,1.7
3070,2018-05-29,2.7
3071,2018-05-30,2.1
3072,2018-05-31,2.5
3073,2018-06-01,2.3
3074,2018-06-02,2.1999999999999997
3075,2018-06-03,2.1999999999999997
3076,2018-06-04,1.8
3077,2018-06-05,1.6
3078,2018-06-06,1.8
3079,2018-06-07,2.7
3080,2018-06-08,2.1
3081,2018-06-09,2.2
3082,2018-06-10,2.6999999999999997
3083,2018-06-11,2.8
3084,2018-06-12,3.3000000000000003
3085,2018-06-13,2.6
3086,2018-06-14,2.9
3087,2018-06-15,3.3000000000000003
3088,2018-06-16,3.0
3089,2018-06-17,2.3000000000000003
3090,2018-06-18,1.2
3091,2018-06-19,1.7
3092,2018-06-20,2.4
3093,2018-06-21,2.3
3094,2018-06-22,3.0
3095,2018-06-23,2.9
3096,2018-06-24,2.4
3097,2018-06-25,2.8
3098,2018-06-26,2.8
3099,2018-06-27,1.0
3100,2018-06-28,1.4
3101,2018-06-29,2.1
3102,2018-06-30,1.9
3103,2018-07-01,1.6
3104,2018-07-02,1.3
3105,2018-07-03,1.7
3106,2018-07-04,2.3
3107,2018-07-05,2.5999999999999996
3108,2018-07-06,2.0
3109,2018-07-07,2.3
3110,2018-07-08,2.4999999999999996
3111,2018-07-09,2.8
3112,2018-07-10,2.4999999999999996
3113,2018-07-11,2.1999999999999997
3114,2018-07-12,2.1
3115,2018-07-13,2.5999999999999996
3116,2018-07-14,2.8
3117,2018-07-15,2.8
3118,2018-07-16,2.8
3119,2018-07-17,3.0
3120,2018-07-18,3.3000000000000003
3121,2018-07-19,3.3000000000000003
3122,2018-07-20,2.5
3123,2018-07-21,2.8
3124,2018-07-22,3.1
3125,2018-07-23,3.0
3126,2018-07-24,3.4
3127,2018-07-25,2.8
3128,2018-07-26,3.2
3129,2018-07-27,3.4
3130,2018-07-28,2.1999999999999997
3131,2018-07-29,2.7
3132,2018-07-30,3.9
3133,2018-07-31,3.1
3134,2018-08-01,3.9
3135,2018-08-02,3.8000000000000003
3136,2018-08-03,4.1
3137,2018-08-04,4.1
3138,2018-08-05,4.1
3139,2018-08-06,0.8999999999999999
3140,2018-08-07,3.1
3141,2018-08-08,3.6
3142,2018-08-09,4.3999999999999995
3143,2018-08-10,4.699999999999999
3144,2018-08-11,4.1
3145,2018-08-12,4.1
3146,2018-08-13,3.6
3147,2018-08-14,4.6
3148,2018-08-15,4.6
3149,2018-08-16,4.3
3150,2018-08-17,4.499999999999999
3151,2018-08-18,4.3
3152,2018-08-19,3.5000000000000004
3153,2018-08-20,4.3999999999999995
3154,2018-08-21,4.0
3155,2018-08-22,3.9
3156,2018-08-23,4.499999999999999
3157,2018-08-24,4.6
3158,2018-08-25,1.8
3159,2018-08-26,2.3
3160,2018-08-27,3.3000000000000003
3161,2018-08-28,4.199999999999999
3162,2018-08-29,5.1
3163,2018-08-30,4.699999999999999
3164,2018-08-31,2.3
3165,2018-09-01,4.699999999999999
3166,2018-09-02,5.0
3167,2018-09-03,2.3
3168,2018-09-04,2.3
3169,2018-09-05,4.5
3170,2018-09-06,2.8
3171,2018-09-07,3.8000000000000003
3172,2018-09-08,4.699999999999999
3173,2018-09-09,6.1
3174,2018-09-10,6.699999999999999
3175,2018-09-11,6.299999999999999
3176,2018-09-12,5.8
3177,2018-09-13,6.8
3178,2018-09-14,6.6
3179,2018-09-15,6.0
3180,2018-09-16,6.199999999999999
3181,2018-09-17,5.9
3182,2018-09-18,6.7
3183,2018-09-19,5.3
3184,2018-09-20,5.899999999999999
3185,2018-09-21,6.799999999999999
3186,2018-09-22,5.3999999999999995
3187,2018-09-23,7.1
3188,2018-09-24,4.8
3189,2018-09-25,4.499999999999999
3190,2018-09-26,3.8
3191,2018-09-27,7.699999999999999
3192,2018-09-28,8.299999999999999
3193,2018-09-29,4.3
3194,2018-09-30,7.399999999999999
3195,2018-10-01,7.799999999999999
3196,2018-10-02,8.4
3197,2018-10-03,5.6
3198,2018-10-04,4.3
3199,2018-10-05,2.6999999999999997
3200,2018-10-06,4.3999999999999995
3201,2018-10-07,6.6
3202,2018-10-08,6.7
3203,2018-10-09,8.1
3204,2018-10-10,5.3999999999999995
3205,2018-10-11,4.8
3206,2018-10-12,5.1
3207,2018-10-13,4.1000000000000005
3208,2018-10-14,5.4
3209,2018-10-15,5.6000000000000005
3210,2018-10-16,7.0
3211,2018-10-17,5.7
3212,2018-10-18,6.8999999999999995
3213,2018-10-19,8.2
3214,2018-10-20,8.499999999999998
3215,2018-10-21,6.699999999999999
3216,2018-10-22,9.8
3217,2018-10-23,11.2
3218,2018-10-24,8.6
3219,2018-10-25,8.3
3220,2018-10-26,10.9
3221,2018-10-27,10.499999999999998
3222,2018-10-28,4.8999999999999995
3223,2018-10-29,7.3999999999999995
3224,2018-10-30,10.299999999999999
3225,2018-10-31,10.399999999999999
3226,2018-11-01,10.799999999999999
3227,2018-11-02,10.299999999999999
3228,2018-11-03,10.9
3229,2018-11-04,9.899999999999999
3230,2018-11-05,11.0
3231,2018-11-06,8.7
3232,2018-11-07,5.6
3233,2018-11-08,9.399999999999999
3234,2018-11-09,10.9
3235,2018-11-10,10.899999999999999
3236,2018-11-11,11.3
3237,2018-11-12,11.7
3238,2018-11-13,11.1
3239,2018-11-14,6.0
3240,2018-11-15,9.7
3241,2018-11-16,7.0
3242,2018-11-17,8.799999999999999
3243,2018-11-18,9.299999999999999
3244,2018-11-19,9.299999999999999
3245,2018-11-20,9.299999999999999
3246,2018-11-21,5.1
3247,2018-11-22,9.799999999999999
3248,2018-11-23,11.4
3249,2018-11-24,11.7
3250,2018-11-25,9.5
3251,2018-11-26,10.1
3252,2018-11-27,8.3
3253,2018-11-28,5.5
3254,2018-11-29,8.2
3255,2018-11-30,11.4
3256,2018-12-01,16.599999999999998
3257,2018-12-02,14.499999999999998
3258,2018-12-03,13.799999999999999
3259,2018-12-04,11.299999999999999
3260,2018-12-05,12.799999999999999
3261,2018-12-06,11.4
3262,2018-12-07,12.299999999999999
3263,2018-12-08,14.2
3264,2018-12-09,12.8
3265,2018-12-10,11.3
3266,2018-12-11,5.7
3267,2018-12-12,8.799999999999999
3268,2018-12-13,9.999999999999998
3269,2018-12-14,10.600000000000001
3270,2018-12-15,10.299999999999999
3271,2018-12-16,5.8
3272,2018-12-17,13.6
3273,2018-12-18,13.299999999999999
3274,2018-12-19,12.099999999999998
3275,2018-12-20,15.6
3276,2018-12-21,11.9
3277,2018-12-22,14.799999999999999
3278,2018-12-23,14.3
3279,2018-12-24,15.1
3280,2018-12-25,16.3
3281,2018-12-26,16.4
3282,2018-12-27,16.6
3283,2018-12-28,15.299999999999999
3284,2018-12-29,15.499999999999998
3285,2018-12-30,15.399999999999999
3286,2018-12-31,12.2
3287,2019-01-01,12.6
3288,2019-01-02,13.2
3289,2019-01-03,14.4
3290,2019-01-04,13.799999999999997
3291,2019-01-05,12.8
3292,2019-01-06,9.9
3293,2019-01-07,9.999999999999998
3294,2019-01-08,11.0
3295,2019-01-09,7.199999999999999
3296,2019-01-10,10.5
3297,2019-01-11,13.1
3298,2019-01-12,18.900000000000002
3299,2019-01-13,18.4
3300,2019-01-14,13.2
3301,2019-01-15,16.299999999999997
3302,2019-01-16,17.5
3303,2019-01-17,16.2
3304,2019-01-18,16.8
3305,2019-01-19,13.2
3306,2019-01-20,11.2
3307,2019-01-21,9.3
3308,2019-01-22,14.099999999999998
3309,2019-01-23,12.599999999999998
3310,2019-01-24,12.399999999999999
3311,2019-01-25,17.2
3312,2019-01-26,17.900000000000002
3313,2019-01-27,16.3
3314,2019-01-28,15.5
3315,2019-01-29,15.299999999999999
3316,2019-01-30,11.9
3317,2019-01-31,12.299999999999999
3318,2019-02-01,6.8
3319,2019-02-02,11.200000000000001
3320,2019-02-03,13.3
3321,2019-02-04,13.099999999999998
3322,2019-02-05,13.5
3323,2019-02-06,11.799999999999999
3324,2019-02-07,10.0
3325,2019-02-08,11.200000000000001
3326,2019-02-09,12.299999999999999
3327,2019-02-10,12.6
3328,2019-02-11,13.2
3329,2019-02-12,12.1
3330,2019-02-13,10.099999999999998
3331,2019-02-14,8.999999999999998
3332,2019-02-15,11.6
3333,2019-02-16,9.299999999999999
3334,2019-02-17,11.4
3335,2019-02-18,12.0
3336,2019-02-19,10.700000000000001
3337,2019-02-20,11.2
3338,2019-02-21,7.499999999999999
3339,2019-02-22,8.0
3340,2019-02-23,8.299999999999999
3341,2019-02-24,7.699999999999999
3342,2019-02-25,7.1
3343,2019-02-26,8.5
3344,2019-02-27,7.9
3345,2019-02-28,7.1000000000000005
3346,2019-03-01,8.6
3347,2019-03-02,7.5
3348,2019-03-03,9.5
3349,2019-03-04,10.4
3350,2019-03-05,10.4
3351,2019-03-06,8.4
3352,2019-03-07,5.1
3353,2019-03-08,7.299999999999999
3354,2019-03-09,7.9
3355,2019-03-10,9.0
3356,2019-03-11,8.8
3357,2019-03-12,8.700000000000001
3358,2019-03-13,7.299999999999999
3359,2019-03-14,5.6
3360,2019-03-15,6.0
3361,2019-03-16,4.0
3362,2019-03-17,4.3
3363,2019-03-18,4.699999999999999
3364,2019-03-19,6.8
3365,2019-03-20,7.3999999999999995
3366,2019-03-21,7.3999999999999995
3367,2019-03-22,7.6
3368,2019-03-23,7.699999999999999
3369,2019-03-24,7.9
3370,2019-03-25,4.7
3371,2019-03-26,4.6
3372,2019-03-27,3.3
3373,2019-03-28,6.3999999999999995
3374,2019-03-29,6.199999999999999
3375,2019-03-30,5.3
3376,2019-03-31,7.8999999999999995
3377,2019-04-01,7.0
3378,2019-04-02,4.5
3379,2019-04-03,8.1
3380,2019-04-04,7.300000000000001
3381,2019-04-05,5.8999999999999995
3382,2019-04-06,5.8
3383,2019-04-07,7.1
3384,2019-04-08,6.5
3385,2019-04-09,5.699999999999999
3386,2019-04-10,5.2
3387,2019-04-11,4.6
3388,2019-04-12,4.1
3389,2019-04-13,4.699999999999999
3390,2019-04-14,4.4
3391,2019-04-15,5.499999999999999
3392,2019-04-16,5.3
3393,2019-04-17,5.0
3394,2019-04-18,5.5
3395,2019-04-19,5.099999999999999
3396,2019-04-20,4.8
3397,2019-04-21,5.1000000000000005
3398,2019-04-22,3.2
3399,2019-04-23,4.499999999999999
3400,2019-04-24,3.9999999999999996
3401,2019-04-25,3.9
3402,2019-04-26,4.0
3403,2019-04-27,3.9
3404,2019-04-28,4.5
3405,2019-04-29,4.1
3406,2019-04-30,2.5
3407,2019-05-01,2.3
3408,2019-05-02,2.5
3409,2019-05-03,2.2
3410,2019-05-04,4.199999999999999
3411,2019-05-05,4.0
3412,2019-05-06,4.3
3413,2019-05-07,4.699999999999999
3414,2019-05-08,4.299999999999999
3415,2019-05-09,4.1
3416,2019-05-10,2.4
3417,2019-05-11,1.8
3418,2019-05-12,4.1
3419,2019-05-13,2.4999999999999996
3420,2019-05-14,3.4
3421,2019-05-15,3.9000000000000004
3422,2019-05-16,2.9
3423,2019-05-17,2.9
3424,2019-05-18,3.7
3425,2019-05-19,3.4000000000000004
3426,2019-05-20,2.4999999999999996
3427,2019-05-21,3.3
3428,2019-05-22,3.5000000000000004
3429,2019-05-23,3.2
3430,2019-05-24,3.0
3431,2019-05-25,2.6999999999999997
3432,2019-05-26,2.4999999999999996
3433,2019-05-27,2.8
3434,2019-05-28,2.9
3435,2019-05-29,1.9000000000000001
3436,2019-05-30,2.5999999999999996
3437,2019-05-31,2.1999999999999997
3438,2019-06-01,1.8
3439,2019-06-02,1.3
3440,2019-06-03,1.9000000000000001
3441,2019-06-04,1.1
3442,2019-06-05,2.3
3443,2019-06-06,2.5999999999999996
3444,2019-06-07,2.0
3445,2019-06-08,1.7
3446,2019-06-09,2.0
3447,2019-06-10,1.9999999999999998
3448,2019-06-11,2.9
3449,2019-06-12,2.5999999999999996
3450,2019-06-13,1.4999999999999998
3451,2019-06-14,2.0
3452,2019-06-15,2.1
3453,2019-06-16,1.5999999999999999
3454,2019-06-17,1.4999999999999998
3455,2019-06-18,1.4999999999999998
3456,2019-06-19,2.4999999999999996
3457,2019-06-20,2.1999999999999997
3458,2019-06-21,2.1999999999999997
3459,2019-06-22,2.0
3460,2019-06-23,1.4
3461,2019-06-24,1.5999999999999999
3462,2019-06-25,1.5999999999999999
3463,2019-06-26,2.0
3464,2019-06-27,2.1999999999999997
3465,2019-06-28,2.5999999999999996
3466,2019-06-29,2.4
3467,2019-06-30,2.1
3468,2019-07-01,2.1999999999999997
3469,2019-07-02,2.6999999999999997
3470,2019-07-03,2.9
3471,2019-07-04,1.9000000000000001
3472,2019-07-05,2.3
3473,2019-07-06,1.3
3474,2019-07-07,2.3
3475,2019-07-08,1.1
3476,2019-07-09,2.6999999999999997
3477,2019-07-10,1.8
3478,2019-07-11,3.0
3479,2019-07-12,2.8
3480,2019-07-13,1.5
3481,2019-07-14,2.9
3482,2019-07-15,2.3
3483,2019-07-16,2.4999999999999996
3484,2019-07-17,2.4999999999999996
3485,2019-07-18,3.0
3486,2019-07-19,3.1
3487,2019-07-20,3.2
3488,2019-07-21,3.4000000000000004
3489,2019-07-22,2.0999999999999996
3490,2019-07-23,3.7
3491,2019-07-24,3.4000000000000004
3492,2019-07-25,3.4000000000000004
3493,2019-07-26,1.9000000000000001
3494,2019-07-27,3.0
3495,2019-07-28,3.2
3496,2019-07-29,3.1
3497,2019-07-30,1.7
3498,2019-07-31,2.1999999999999997
3499,2019-08-01,2.4
3500,2019-08-02,3.4000000000000004
3501,2019-08-03,3.5999999999999996
3502,2019-08-04,3.5999999999999996
3503,2019-08-05,3.5999999999999996
3504,2019-08-06,3.8000000000000003
3505,2019-08-07,2.0
3506,2019-08-08,3.0
3507,2019-08-09,2.8
3508,2019-08-10,1.5999999999999999
3509,2019-08-11,1.5
3510,2019-08-12,3.0
3511,2019-08-13,4.0
3512,2019-08-14,4.0
3513,2019-08-15,3.9000000000000004
3514,2019-08-16,4.3
3515,2019-08-17,4.6
3516,2019-08-18,4.699999999999999
3517,2019-08-19,3.8000000000000003
3518,2019-08-20,4.0
3519,2019-08-21,3.9000000000000004
3520,2019-08-22,3.9000000000000004
3521,2019-08-23,4.3
3522,2019-08-24,4.8999999999999995
3523,2019-08-25,4.8999999999999995
3524,2019-08-26,4.3999999999999995
3525,2019-08-27,4.1
3526,2019-08-28,4.3999999999999995
3527,2019-08-29,3.3000000000000003
3528,2019-08-30,2.8
3529,2019-08-31,2.9
3530,2019-09-01,5.8
3531,2019-09-02,6.3
3532,2019-09-03,5.1
3533,2019-09-04,6.6
3534,2019-09-05,6.8
3535,2019-09-06,5.5
3536,2019-09-07,5.4
3537,2019-09-08,5.099999999999999
3538,2019-09-09,3.6
3539,2019-09-10,4.3999999999999995
3540,2019-09-11,5.699999999999999
3541,2019-09-12,5.5
3542,2019-09-13,6.2
3543,2019-09-14,6.0
3544,2019-09-15,6.199999999999999
3545,2019-09-16,5.799999999999999
3546,2019-09-17,3.4
3547,2019-09-18,3.0
3548,2019-09-19,6.0
3549,2019-09-20,5.899999999999999
3550,2019-09-21,4.699999999999999
3551,2019-09-22,4.199999999999999
3552,2019-09-23,5.999999999999999
3553,2019-09-24,6.1
3554,2019-09-25,5.4
3555,2019-09-26,5.6
3556,2019-09-27,5.8999999999999995
3557,2019-09-28,6.699999999999999
3558,2019-09-29,6.8999999999999995
3559,2019-09-30,5.0
3560,2019-10-01,6.3
3561,2019-10-02,7.2
3562,2019-10-03,6.899999999999999
3563,2019-10-04,7.8
3564,2019-10-05,4.199999999999999
3565,2019-10-06,7.1000000000000005
3566,2019-10-07,8.9
3567,2019-10-08,6.1
3568,2019-10-09,6.199999999999999
3569,2019-10-10,5.6
3570,2019-10-11,4.1
3571,2019-10-12,3.1
3572,2019-10-13,6.3999999999999995
3573,2019-10-14,7.099999999999999
3574,2019-10-15,8.799999999999999
3575,2019-10-16,7.599999999999999
3576,2019-10-17,8.5
3577,2019-10-18,8.399999999999999
3578,2019-10-19,7.1
3579,2019-10-20,8.5
3580,2019-10-21,8.7
3581,2019-10-22,9.0
3582,2019-10-23,8.9
3583,2019-10-24,8.1
3584,2019-10-25,8.2
3585,2019-10-26,8.4
3586,2019-10-27,8.7
3587,2019-10-28,8.299999999999999
3588,2019-10-29,8.2
3589,2019-10-30,5.1
3590,2019-10-31,4.6
3591,2019-11-01,8.499999999999998
3592,2019-11-02,8.4
3593,2019-11-03,7.3
3594,2019-11-04,9.4
3595,2019-11-05,7.199999999999999
3596,2019-11-06,10.1
3597,2019-11-07,10.000000000000002
3598,2019-11-08,9.799999999999999
3599,2019-11-09,8.7
3600,2019-11-10,9.8
3601,2019-11-11,9.0
3602,2019-11-12,9.299999999999999
3603,2019-11-13,10.2
3604,2019-11-14,9.8
3605,2019-11-15,10.6
3606,2019-11-16,9.2
3607,2019-11-17,9.7
3608,2019-11-18,10.5
3609,2019-11-19,10.0
3610,2019-11-20,8.7
3611,2019-11-21,9.799999999999999
3612,2019-11-22,9.2
3613,2019-11-23,11.0
3614,2019-11-24,6.199999999999999
3615,2019-11-25,7.799999999999999
3616,2019-11-26,11.700000000000001
3617,2019-11-27,12.099999999999998
3618,2019-11-28,11.0
3619,2019-11-29,8.700000000000001
3620,2019-11-30,7.699999999999998
3621,2019-12-01,7.499999999999999
3622,2019-12-02,6.4
3623,2019-12-03,9.7
3624,2019-12-04,10.299999999999999
3625,2019-12-05,9.5
3626,2019-12-06,7.8999999999999995
3627,2019-12-07,7.1
3628,2019-12-08,5.6
3629,2019-12-09,7.199999999999999
3630,2019-12-10,9.2
3631,2019-12-11,7.6
3632,2019-12-12,6.9
3633,2019-12-13,4.799999999999999
3634,2019-12-14,6.9
3635,2019-12-15,6.8
3636,2019-12-16,7.4
3637,2019-12-17,6.3
3638,2019-12-18,6.3
3639,2019-12-19,5.800000000000001
3640,2019-12-20,6.8
3641,2019-12-21,5.699999999999999
3642,2019-12-22,3.4
3643,2019-12-23,3.8000000000000003
3644,2019-12-24,5.300000000000001
3645,2019-12-25,5.8
3646,2019-12-26,6.399999999999999
3647,2019-12-27,6.799999999999999
3648,2019-12-28,7.1
3649,2019-12-29,6.3
3650,2019-12-30,7.1
3651,2019-12-31,6.5
