,dates,17503010,17337010,17553010,17381010,17415010,17459010,17492010,17348010,17481010,17542010,17393010,17426010,17370010,17470010,17036010,17359010,17531010,16993010,17437010,17042010,17404010,17033010,17520010,17039010,17448010,17075010
0,2018-01-01,57.9,5.8,0.0,15.5,31.1,16.3,,11.0,,7.3,30.2,25.3,43.9,15.3,21.1,55.6,14.6,18.8,25.7,114.6,59.0,45.0,4.3,11.1,9.0,12.5
1,2018-01-02,52.4,5.1,0.0,13.2,29.4,15.0,,9.6,,6.8,26.5,24.5,40.0,14.0,21.0,51.0,13.7,18.7,23.7,107.2,54.5,41.7,4.0,10.9,8.4,10.9
2,2018-01-03,44.6,4.7,0.0,11.1,24.7,13.0,10.2,8.9,1.3,5.9,22.2,21.3,34.8,12.1,19.6,44.0,12.0,16.4,20.7,94.2,47.5,36.5,3.5,9.5,7.3,10.1
3,2018-01-04,58.4,5.7,-0.0,13.9,29.8,16.4,12.7,10.7,1.6,7.5,27.9,30.9,42.2,15.2,21.6,55.5,15.1,18.1,33.5,107.9,60.7,46.8,4.4,10.8,9.2,12.4
4,2018-01-05,60.0,6.1,0.0,13.1,30.9,16.8,12.9,11.5,1.7,7.6,27.1,31.2,40.7,15.5,23.3,57.3,15.5,19.6,33.2,105.7,62.6,48.2,4.6,11.0,9.3,13.2
5,2018-01-06,65.1,6.4,0.0,12.7,33.6,18.1,13.7,12.1,1.8,8.2,26.3,32.4,44.1,16.6,27.9,62.0,16.7,21.5,36.3,113.9,64.6,51.6,4.9,11.6,10.0,13.9
6,2018-01-07,64.8,6.1,0.0,13.2,34.4,17.8,13.8,11.6,1.7,8.1,25.4,32.5,38.4,16.3,24.9,61.6,16.5,17.8,36.7,93.2,59.5,50.9,4.9,10.3,9.9,13.3
7,2018-01-08,37.4,3.7,0.0,6.5,20.1,10.3,7.9,7.0,1.0,4.7,12.8,19.5,23.9,9.5,18.5,35.9,9.6,12.3,22.2,63.0,34.2,29.7,2.9,6.4,5.7,8.0
8,2018-01-09,44.0,4.6,-0.0,7.6,24.3,12.4,9.7,8.6,1.2,5.7,15.1,24.2,32.2,11.5,23.2,43.1,11.7,16.3,27.4,95.5,39.9,36.0,3.5,9.3,7.0,9.6
9,2018-01-10,41.6,4.6,-0.0,9.5,24.3,12.3,9.7,8.7,1.2,5.7,17.7,24.5,32.0,11.5,16.4,43.1,11.7,12.6,27.7,85.7,37.6,36.0,3.5,8.1,7.0,9.8
10,2018-01-11,36.2,4.2,-0.0,8.7,21.5,11.2,8.9,8.0,1.1,5.2,16.7,22.3,28.5,10.5,22.7,39.4,10.7,15.2,25.6,86.2,34.9,32.7,3.2,9.1,6.4,9.2
11,2018-01-12,38.6,4.3,0.0,9.3,21.9,12.2,9.9,8.2,1.3,5.7,18.1,22.9,31.4,11.5,19.9,43.2,11.7,13.6,28.3,88.8,37.7,35.8,3.5,9.1,7.1,9.4
12,2018-01-13,31.8,3.9,0.0,7.9,17.4,10.3,8.4,7.3,1.1,4.9,15.4,17.5,27.6,9.8,17.0,36.6,10.0,10.5,23.3,69.6,31.4,30.3,3.0,6.4,6.0,8.4
13,2018-01-14,38.1,4.3,0.0,10.4,20.4,12.2,10.0,8.2,1.3,5.8,20.7,17.9,32.6,11.6,22.8,43.2,11.9,14.7,24.4,87.4,40.4,36.0,3.5,8.6,7.1,9.4
14,2018-01-15,30.6,3.3,0.0,8.3,16.2,9.7,7.9,6.3,1.0,4.6,17.0,12.6,25.6,9.3,24.6,34.4,9.5,15.1,17.4,70.2,33.7,28.5,2.8,7.6,5.7,7.2
15,2018-01-16,43.4,5.0,0.0,11.4,22.9,13.6,11.0,9.4,1.4,6.5,23.5,17.7,36.0,13.1,26.2,48.4,13.4,17.0,23.8,95.2,47.3,40.0,3.9,9.5,8.0,10.7
16,2018-01-17,54.2,5.7,0.0,12.3,26.5,15.5,12.7,10.8,1.6,7.4,25.5,20.1,41.0,14.9,26.0,55.0,15.2,17.5,26.3,105.7,57.1,46.3,4.4,10.3,9.1,12.4
17,2018-01-18,56.5,5.8,0.0,12.6,27.2,16.2,13.2,11.0,1.7,7.7,24.6,21.2,42.3,15.6,25.0,57.2,15.6,18.4,26.5,107.8,56.1,48.6,4.5,10.5,9.4,12.5
18,2018-01-19,63.1,6.3,0.0,13.7,30.6,18.1,14.7,11.8,1.9,8.6,26.7,23.6,45.4,17.4,24.5,64.0,17.3,19.9,28.5,113.5,61.8,54.4,5.0,11.4,10.5,13.2
19,2018-01-20,57.1,5.9,0.0,12.8,28.4,16.8,13.6,11.1,1.8,7.9,24.8,21.9,42.7,16.2,22.7,59.8,16.0,18.0,26.2,105.1,55.6,50.6,4.6,10.4,9.7,12.7
20,2018-01-21,48.4,4.9,0.0,11.2,25.2,15.0,12.0,9.3,1.6,7.1,21.7,19.5,39.8,14.4,21.2,53.2,14.3,15.0,23.2,92.2,47.0,45.1,4.2,8.5,8.6,10.6
21,2018-01-22,38.5,4.1,0.0,9.9,20.3,12.1,9.6,7.8,1.3,5.7,18.7,15.7,31.1,11.6,14.9,42.9,11.6,11.8,18.6,75.0,37.7,36.3,3.4,6.9,6.9,9.1
22,2018-01-23,42.0,4.8,-0.0,10.4,22.3,13.4,10.6,9.0,1.4,6.2,21.5,17.2,34.4,12.7,22.2,47.5,12.8,18.8,20.5,102.9,45.0,40.5,3.8,10.8,7.7,10.5
23,2018-01-24,23.1,3.0,-0.0,5.8,12.3,7.4,5.8,5.5,0.8,3.4,11.7,10.0,20.2,7.0,18.4,26.1,7.0,15.3,11.7,49.8,24.0,22.3,2.1,4.8,4.2,6.1
24,2018-01-25,41.4,4.6,0.0,11.2,21.8,13.1,10.5,8.5,1.3,6.0,22.1,17.6,38.7,12.3,21.9,46.2,12.4,18.2,20.5,112.7,44.0,39.3,3.7,10.3,7.6,9.3
25,2018-01-26,45.3,4.6,-0.0,13.0,22.8,13.7,11.1,8.6,1.4,6.4,25.1,18.6,35.9,12.8,18.9,48.3,12.9,15.8,21.8,96.3,48.8,41.1,3.8,10.1,8.0,9.5
26,2018-01-27,18.8,2.1,0.0,5.0,9.5,5.7,4.7,3.8,0.6,2.6,10.2,7.7,16.1,5.3,23.2,20.0,5.4,18.0,9.1,52.9,20.8,17.1,1.6,6.7,3.3,3.6
27,2018-01-28,44.9,4.4,-0.0,11.2,21.7,13.0,10.7,8.0,1.4,6.1,22.3,17.7,38.3,12.3,24.6,45.7,12.5,19.2,20.7,101.3,48.1,38.8,3.6,9.8,7.6,7.7
28,2018-01-29,58.3,5.5,-0.0,16.6,27.7,16.6,13.8,10.1,1.8,7.8,31.5,22.6,47.9,15.8,20.3,57.7,15.7,17.2,26.6,120.0,62.2,49.2,4.6,11.0,9.7,9.7
29,2018-01-30,38.5,3.6,0.0,10.5,18.2,10.9,9.2,6.6,1.2,5.1,20.7,14.8,32.6,10.6,11.8,37.8,10.2,10.0,17.7,82.1,42.2,32.4,3.0,7.2,6.4,6.3
30,2018-01-31,38.9,3.8,-0.0,11.1,18.5,11.1,9.9,7.0,1.3,5.2,21.3,15.1,30.0,10.9,13.1,38.4,10.4,11.9,18.2,75.5,42.3,33.0,3.0,7.5,6.6,6.7
31,2018-02-01,38.1,3.8,-0.0,9.1,17.8,10.7,9.1,7.0,1.2,5.0,18.5,14.6,28.3,10.5,14.6,36.8,10.0,13.1,17.6,82.9,41.5,31.4,2.9,8.3,6.3,6.7
32,2018-02-02,43.3,4.1,-0.0,9.9,20.2,12.1,10.7,7.4,1.4,5.6,19.8,16.3,32.6,11.8,18.3,41.0,11.1,14.8,19.7,89.9,45.0,34.9,3.2,8.5,7.1,6.1
33,2018-02-03,37.6,3.4,-0.0,9.7,18.3,10.4,9.5,6.2,1.3,4.7,18.7,14.8,27.2,10.2,20.1,35.0,9.5,15.8,16.9,75.2,38.3,29.9,2.7,8.1,6.1,5.1
34,2018-02-04,51.3,4.7,-0.0,12.1,26.0,14.1,12.9,8.5,1.8,6.4,24.8,20.7,35.1,14.0,20.9,46.5,12.7,17.4,22.6,95.4,52.9,40.6,3.7,10.0,8.2,7.5
35,2018-02-05,47.4,4.3,-0.0,10.8,25.5,13.3,12.1,7.9,1.8,5.9,22.3,20.8,32.9,13.3,19.5,43.7,11.9,16.4,21.2,88.2,48.5,38.2,3.5,9.1,7.7,6.9
36,2018-02-06,44.0,4.2,0.0,9.9,23.8,12.6,11.0,7.6,1.5,5.7,20.3,20.1,27.7,12.1,21.1,41.0,11.5,18.1,20.0,79.2,45.1,35.7,3.2,9.3,7.1,6.7
37,2018-02-07,56.1,5.1,-0.0,12.1,29.2,16.1,13.6,9.3,1.9,7.2,25.1,24.6,33.9,15.4,21.6,52.5,14.5,18.2,25.8,93.5,57.0,45.6,4.1,10.4,9.1,9.1
38,2018-02-08,49.4,4.7,-0.0,10.3,25.6,14.6,11.9,8.5,1.6,6.4,21.2,21.8,30.5,13.9,19.6,47.6,12.8,16.5,23.4,83.2,49.5,41.3,3.7,9.6,8.2,7.5
39,2018-02-09,42.8,3.8,-0.0,9.0,22.0,12.6,10.2,7.0,1.4,5.4,17.8,18.1,27.7,12.0,13.8,41.3,10.8,11.5,20.1,67.4,40.7,35.5,3.2,8.0,7.0,6.2
40,2018-02-10,44.0,4.2,0.0,9.6,23.8,13.5,10.8,7.8,1.5,5.7,20.0,20.3,28.1,12.7,17.0,44.0,11.4,14.6,21.5,70.9,45.1,37.9,3.4,8.4,7.4,6.8
41,2018-02-11,44.2,4.4,-0.0,9.9,23.6,13.7,10.9,8.0,1.5,5.6,19.7,19.6,28.5,12.9,17.9,44.6,11.1,15.8,22.0,75.5,42.5,38.8,3.4,8.8,7.5,7.1
42,2018-02-12,37.6,3.9,0.0,8.1,20.5,11.7,9.3,7.1,1.3,4.8,16.5,18.6,24.1,11.0,16.9,38.1,9.4,14.8,20.2,64.7,37.3,33.3,2.9,7.7,6.4,6.2
43,2018-02-13,39.0,3.9,-0.0,7.8,20.4,12.1,9.6,7.2,1.3,5.1,15.9,17.6,28.5,11.5,19.0,39.6,10.2,15.8,20.2,75.8,38.1,34.5,3.1,7.7,6.7,6.3
44,2018-02-14,46.8,4.7,0.0,10.6,24.3,14.5,11.2,8.5,1.5,6.1,20.6,20.8,30.5,13.6,11.0,47.5,12.1,16.4,24.1,74.6,45.1,41.3,3.7,8.6,7.9,7.5
45,2018-02-15,35.8,3.6,0.0,8.3,18.8,11.2,8.6,6.5,1.1,4.6,16.4,15.8,23.3,10.4,16.3,36.8,9.3,12.9,18.3,59.4,35.0,32.0,2.9,7.0,6.2,5.3
46,2018-02-16,39.2,4.1,0.0,9.0,20.6,12.7,9.8,7.5,1.3,5.3,18.1,16.7,26.6,11.8,17.1,41.7,10.5,14.3,20.4,69.4,38.7,36.3,3.3,7.9,7.0,6.2
47,2018-02-17,45.5,4.7,-0.0,10.5,24.1,14.8,11.4,8.6,1.5,6.3,20.9,19.2,33.5,13.7,16.8,48.6,12.5,14.5,23.3,83.5,44.5,42.5,3.8,8.7,8.1,7.1
48,2018-02-18,40.3,4.3,0.0,10.2,21.3,13.1,10.0,7.9,1.3,5.5,19.9,16.9,27.9,12.0,16.4,42.9,11.1,14.3,20.4,69.9,39.7,37.5,3.4,8.0,7.1,8.0
49,2018-02-19,14.4,1.8,-0.0,3.5,7.6,4.7,3.6,3.2,0.5,2.0,7.1,6.1,10.0,4.3,17.4,15.5,4.0,13.0,7.3,32.4,14.8,13.6,1.2,4.5,2.6,3.3
50,2018-02-20,41.3,4.2,0.0,10.0,21.8,13.4,10.3,7.8,1.4,5.8,19.8,17.3,30.2,12.5,20.2,44.9,11.5,16.9,20.9,85.4,41.1,38.9,3.5,9.3,7.3,7.8
51,2018-02-21,28.6,3.0,-0.0,7.0,15.0,9.1,7.1,5.4,0.9,3.9,13.7,11.8,21.2,8.6,13.1,30.7,7.8,10.4,14.2,53.9,28.2,26.5,2.4,5.8,5.0,5.0
52,2018-02-22,34.5,3.7,0.0,8.1,17.7,10.8,8.3,6.7,1.1,4.7,16.1,13.9,23.2,10.2,12.8,36.4,9.3,9.2,16.8,53.1,34.4,31.4,2.8,6.5,5.8,5.6
53,2018-02-23,35.3,3.6,-0.0,8.0,18.1,11.0,8.3,6.6,1.1,4.8,16.0,14.2,23.6,10.3,15.3,36.9,9.6,11.5,17.1,63.9,34.8,32.0,2.8,6.5,5.8,5.7
54,2018-02-24,44.0,4.4,0.0,9.3,22.7,13.7,10.2,8.0,1.4,6.2,18.8,17.7,33.2,12.8,19.4,46.0,12.2,16.7,21.2,89.3,43.2,40.0,3.6,9.3,7.2,6.8
55,2018-02-25,19.0,2.1,0.0,4.7,9.8,5.9,4.4,3.8,0.6,2.7,9.0,7.6,14.0,5.5,9.5,19.8,5.3,7.4,9.1,42.2,18.4,17.2,1.6,4.4,3.2,3.2
56,2018-02-26,25.9,2.5,0.0,5.8,13.2,8.0,6.1,4.6,0.8,3.7,12.1,10.4,19.4,7.4,16.8,26.9,7.5,14.2,12.4,65.0,27.0,23.2,2.2,7.0,4.4,3.7
57,2018-02-27,39.3,3.9,-0.0,9.0,20.3,12.2,9.4,7.1,1.2,5.7,17.4,16.0,28.2,11.3,18.2,41.1,11.6,15.1,19.1,74.9,37.9,35.4,3.4,8.2,6.8,5.7
58,2018-02-28,40.0,4.0,-0.0,9.3,20.7,12.4,9.6,7.2,1.2,5.8,18.1,16.2,29.5,11.5,16.0,41.6,11.8,13.9,19.4,80.7,38.7,35.9,3.5,8.4,6.9,5.8
59,2018-03-01,38.4,3.7,-0.0,8.1,19.5,11.7,9.2,6.6,1.2,5.5,15.9,15.4,29.8,11.0,15.7,39.1,11.2,12.7,18.5,72.9,36.6,34.0,3.3,7.4,6.6,5.3
60,2018-03-02,27.8,2.7,-0.0,6.7,14.7,8.8,7.0,4.8,0.9,4.1,12.8,11.5,21.4,8.3,10.1,29.2,8.4,8.8,13.8,57.5,26.6,25.5,2.5,6.1,5.0,3.9
61,2018-03-03,41.2,4.1,-0.0,9.9,21.9,13.1,10.4,7.4,1.4,6.1,19.5,17.2,28.7,12.5,15.4,43.6,12.6,13.9,20.6,77.2,40.8,38.3,3.8,8.8,7.5,6.0
62,2018-03-04,32.6,3.4,0.0,7.7,17.4,10.4,8.2,6.1,1.1,4.9,15.4,13.8,24.4,9.9,15.1,34.6,10.0,12.4,16.5,65.2,32.2,30.4,3.0,7.0,5.9,4.9
63,2018-03-05,33.6,3.3,-0.0,8.2,18.1,10.6,8.5,5.9,1.1,4.9,16.4,14.6,23.0,10.2,15.1,35.2,10.1,12.7,16.9,61.3,33.7,31.0,3.0,7.5,6.1,4.8
64,2018-03-06,32.9,3.2,0.0,7.6,17.4,10.2,8.2,5.7,1.1,4.7,15.6,13.9,21.5,9.8,15.2,33.8,9.7,12.7,16.0,59.7,33.4,29.4,2.9,7.1,5.9,4.6
65,2018-03-07,30.4,3.0,0.0,6.7,16.1,9.4,7.6,5.4,1.0,4.4,13.6,12.9,18.7,9.0,13.9,31.0,9.0,12.0,14.8,51.2,29.9,27.0,2.7,6.3,5.5,4.4
66,2018-03-08,39.1,3.8,-0.0,7.2,20.4,11.9,9.7,6.8,1.3,5.5,15.0,16.3,25.2,11.5,16.8,39.2,11.3,13.9,18.7,67.4,37.6,34.1,3.4,7.7,7.0,5.5
67,2018-03-09,35.6,3.4,0.0,7.8,18.7,10.9,8.8,6.1,1.1,5.0,15.5,15.1,22.5,10.5,15.7,35.6,10.3,13.0,17.2,58.7,34.0,31.1,3.1,7.0,6.3,4.9
68,2018-03-10,38.4,3.8,-0.0,8.3,20.5,11.9,9.7,6.8,1.3,5.5,16.6,16.4,23.5,11.5,16.6,39.0,11.3,13.6,18.7,60.3,37.0,34.3,3.4,7.5,7.0,5.5
69,2018-03-11,34.8,3.6,-0.0,6.8,18.8,11.1,9.1,6.4,1.2,5.1,14.3,15.2,21.8,10.9,16.6,36.2,10.5,13.3,17.5,54.9,34.0,32.0,3.2,6.9,6.5,5.2
70,2018-03-12,31.4,3.2,-0.0,5.8,17.0,10.0,8.3,5.7,1.1,4.7,12.1,13.8,20.2,9.9,15.2,32.9,9.5,11.9,15.8,51.8,30.3,29.0,2.9,6.4,5.9,4.6
71,2018-03-13,29.3,3.0,-0.0,5.4,16.1,9.4,7.8,5.3,1.0,4.4,11.2,13.2,18.6,9.3,13.5,30.9,9.0,11.1,14.8,48.6,28.3,27.2,2.7,6.1,5.6,4.3
72,2018-03-14,32.6,3.3,0.0,6.3,17.9,10.5,8.8,5.9,1.2,4.9,13.0,14.5,20.4,10.4,14.4,34.3,10.0,11.6,16.5,55.7,31.3,30.2,3.0,6.7,6.2,4.8
73,2018-03-15,26.0,2.6,-0.0,5.0,14.1,8.4,7.1,4.6,0.9,3.9,10.4,11.4,17.1,8.3,11.9,27.4,8.0,9.1,13.3,41.6,25.0,24.3,2.4,5.0,5.0,3.6
74,2018-03-16,31.6,3.1,-0.0,7.2,17.3,10.3,8.7,5.4,1.1,4.8,14.4,14.1,20.9,10.1,13.3,33.6,9.8,10.1,16.2,55.7,30.8,29.9,2.9,6.4,6.1,4.3
75,2018-03-17,30.8,3.1,-0.0,7.2,17.0,10.1,8.5,5.4,1.1,4.7,14.4,13.9,20.6,9.9,11.9,32.8,9.6,10.2,15.9,52.7,30.1,29.3,2.9,6.2,6.0,4.3
76,2018-03-18,29.6,2.9,-0.0,7.0,16.5,9.7,8.7,5.1,1.2,4.5,14.1,13.5,19.2,9.5,13.3,31.4,9.2,10.9,15.2,48.9,29.2,28.1,2.8,6.0,5.7,4.0
77,2018-03-19,29.6,2.8,0.0,6.4,16.7,9.5,8.8,4.9,1.2,4.4,13.2,14.4,19.3,9.3,11.9,30.7,9.0,10.2,15.8,48.2,29.2,27.4,2.7,5.7,5.6,3.9
78,2018-03-20,22.0,2.1,0.0,4.8,12.5,6.9,6.5,3.6,0.9,3.2,9.6,11.1,14.4,7.0,10.7,22.5,6.6,8.5,11.9,37.5,20.8,19.7,2.0,4.6,4.1,2.8
79,2018-03-21,18.5,1.6,0.0,4.2,9.9,5.9,5.3,2.8,0.8,2.7,8.4,8.4,11.7,6.2,13.3,19.0,5.6,10.7,9.7,37.1,18.0,16.4,1.7,5.3,3.5,2.2
80,2018-03-22,15.8,1.5,0.0,3.5,8.3,5.1,4.3,2.9,0.6,2.3,7.1,7.2,10.1,5.2,11.5,16.2,4.8,8.9,8.4,30.8,15.8,13.4,1.5,4.0,3.0,2.4
81,2018-03-23,20.8,2.1,0.0,4.6,11.1,6.8,5.7,3.8,0.8,3.1,9.2,9.1,13.4,6.7,12.2,21.4,6.4,9.9,10.6,40.2,20.6,18.0,1.9,5.1,4.0,3.1
82,2018-03-24,25.3,2.5,0.0,5.9,13.5,8.3,7.0,4.5,0.9,3.8,11.7,11.0,16.1,8.2,10.7,25.8,7.7,9.2,13.0,42.6,24.9,21.7,2.3,5.3,4.9,3.6
83,2018-03-25,21.6,2.0,0.0,4.8,11.4,7.1,6.2,3.5,0.9,3.2,9.8,9.3,13.6,7.1,9.2,21.3,6.6,7.1,11.0,37.4,21.4,17.9,2.0,4.3,4.2,2.8
84,2018-03-26,25.8,2.6,0.0,5.9,13.6,8.4,8.1,4.6,1.3,3.8,11.8,11.0,15.5,9.1,11.1,25.0,7.7,9.1,12.8,36.7,25.3,21.1,2.3,4.8,5.0,3.7
85,2018-03-27,24.3,2.4,0.0,5.1,12.9,8.0,7.8,4.4,1.4,3.5,10.7,10.3,14.4,9.2,11.3,23.7,7.2,9.4,12.0,36.0,24.0,20.1,2.2,4.7,4.8,3.6
86,2018-03-28,21.3,2.2,0.0,4.2,11.2,6.9,6.9,3.9,1.2,3.0,8.9,8.8,12.1,8.1,12.1,20.9,6.2,10.1,10.4,33.0,20.5,17.7,1.9,4.6,4.1,3.2
87,2018-03-29,30.4,3.0,0.0,6.0,15.9,10.0,9.9,5.4,1.7,4.3,12.6,12.7,15.7,11.6,13.5,29.9,8.7,11.6,15.0,40.2,29.2,25.3,2.7,5.9,6.0,4.4
88,2018-03-30,25.9,2.7,0.0,5.1,13.5,8.5,8.4,4.8,1.5,3.6,11.0,10.7,12.8,9.9,11.9,25.4,7.4,10.4,12.7,32.7,24.8,21.4,2.3,4.9,5.0,3.9
89,2018-03-31,25.0,2.5,0.0,4.8,13.3,8.3,8.2,4.5,1.4,3.5,10.5,10.7,12.6,9.6,12.1,24.7,7.1,10.3,12.5,32.3,24.1,20.9,2.2,4.6,4.9,3.6
90,2018-04-01,21.3,2.0,0.0,4.0,11.4,7.0,6.9,3.6,1.2,3.0,8.7,9.1,11.1,8.1,7.9,20.5,6.0,6.3,10.6,25.1,20.1,17.4,1.9,3.3,4.1,2.9
91,2018-04-02,26.5,2.7,-0.0,5.2,14.3,8.8,8.5,4.8,1.5,3.7,11.2,11.3,12.8,10.1,10.2,25.6,7.5,9.1,13.1,31.8,25.0,21.7,2.3,4.7,5.2,3.9
92,2018-04-03,23.9,2.4,-0.0,4.6,12.9,7.9,7.3,4.3,1.3,3.3,10.0,9.9,12.1,9.0,11.6,23.0,6.8,10.5,11.6,31.8,22.6,19.5,2.1,4.6,4.6,3.5
93,2018-04-04,26.9,2.7,-0.0,5.4,14.5,9.1,8.2,4.7,1.4,3.8,11.8,11.3,13.6,9.9,11.9,26.2,7.7,10.2,13.2,34.7,25.7,22.2,2.4,5.1,5.2,3.8
94,2018-04-05,28.8,2.8,-0.0,6.1,15.5,9.7,8.9,4.9,1.5,4.0,13.0,12.2,15.5,10.5,11.3,27.9,8.2,10.2,14.2,39.8,27.6,23.6,2.5,5.3,5.6,4.0
95,2018-04-06,24.5,2.3,0.0,4.5,13.1,8.2,7.6,4.2,1.2,3.4,10.0,10.1,12.7,8.8,10.7,23.4,6.9,9.2,11.9,30.8,23.4,19.9,2.1,4.3,4.6,3.5
96,2018-04-07,23.4,2.4,0.0,4.6,12.4,7.9,7.2,4.3,1.2,3.3,10.0,9.7,10.6,8.4,11.0,23.2,6.6,9.2,11.6,25.3,22.6,19.8,2.1,4.3,4.5,3.5
97,2018-04-08,24.2,2.4,0.0,4.3,12.8,8.1,7.5,4.3,1.2,3.4,9.7,10.0,11.8,8.5,11.3,23.9,6.8,10.0,11.9,29.2,23.1,20.4,2.1,4.4,4.6,3.5
98,2018-04-09,27.2,2.8,0.0,4.8,14.3,9.0,8.1,5.0,1.3,3.7,10.7,11.1,11.6,9.3,11.0,26.7,7.5,9.7,13.2,28.0,25.7,22.7,2.3,4.5,5.0,4.1
99,2018-04-10,21.7,2.1,0.0,3.8,11.5,7.2,6.1,3.8,0.9,3.0,8.7,8.9,10.2,7.1,10.6,21.8,6.1,8.9,10.6,25.4,20.7,18.5,1.9,4.0,4.0,3.1
100,2018-04-11,24.2,2.4,0.0,4.4,12.9,8.1,6.5,4.3,0.9,3.4,10.0,10.0,12.1,7.7,10.8,24.5,6.8,9.6,11.8,31.2,23.0,20.6,2.1,4.3,4.5,3.5
101,2018-04-12,27.7,2.8,0.0,4.7,14.8,9.2,7.3,5.1,1.0,3.9,10.5,11.4,13.2,8.7,12.2,27.8,7.8,11.6,13.5,35.4,26.0,23.4,2.4,5.6,5.1,4.2
102,2018-04-13,19.8,2.0,-0.0,3.8,10.5,6.6,5.3,3.6,0.7,2.7,8.3,8.2,9.5,6.2,9.4,19.9,5.5,8.3,9.6,22.8,18.6,16.8,1.7,3.6,3.6,3.0
103,2018-04-14,14.9,1.5,-0.0,2.9,7.9,5.0,4.3,2.8,0.6,2.1,6.3,6.3,8.3,4.8,6.1,15.3,4.3,5.3,7.4,19.6,14.3,12.9,1.3,2.5,2.7,2.3
104,2018-04-15,9.1,1.0,-0.0,1.8,5.0,3.1,2.7,1.8,0.4,1.3,3.8,4.0,4.9,2.9,6.4,9.3,2.6,5.5,4.5,10.8,8.6,7.8,0.8,1.9,1.7,1.4
105,2018-04-16,12.9,1.4,-0.0,2.7,7.0,4.4,3.7,2.5,0.5,1.8,5.8,5.6,7.7,4.2,6.7,13.3,3.7,5.0,6.4,17.1,12.4,11.2,1.1,2.3,2.4,2.0
106,2018-04-17,17.0,1.8,0.0,3.6,9.2,5.6,4.5,3.2,0.6,2.4,7.6,7.2,9.6,5.4,8.7,17.2,4.8,7.3,8.4,23.7,16.2,14.6,1.5,3.4,3.1,2.6
107,2018-04-18,20.2,2.0,0.0,4.0,10.9,6.7,5.3,3.7,0.7,2.9,8.7,8.5,10.8,6.4,7.9,20.3,5.8,6.5,10.0,26.1,19.4,17.1,1.7,3.6,3.7,3.0
108,2018-04-19,17.8,1.7,0.0,3.5,9.6,5.8,4.6,3.0,0.6,2.5,7.4,7.4,10.7,5.5,8.4,17.6,5.0,7.2,8.7,29.7,16.9,14.8,1.5,3.8,3.3,2.4
109,2018-04-20,24.4,2.2,-0.0,4.7,13.1,8.0,6.3,4.1,0.8,3.4,9.9,10.2,14.5,7.5,9.3,23.7,6.8,8.1,11.9,36.2,23.2,20.0,2.0,4.5,4.5,3.4
110,2018-04-21,18.0,1.8,-0.0,3.9,9.6,5.8,4.5,3.3,0.6,2.5,8.0,7.6,10.5,5.5,7.3,17.8,4.9,6.1,8.8,27.9,17.1,15.1,1.5,3.6,3.2,2.7
111,2018-04-22,7.3,1.8,-0.0,1.5,3.9,2.4,1.9,3.2,0.3,1.0,3.2,3.1,4.1,2.2,8.4,7.3,2.0,6.8,3.6,26.7,7.0,6.2,0.6,3.6,1.3,2.6
112,2018-04-23,21.3,2.2,-0.0,4.0,11.8,6.8,5.3,4.0,0.7,3.0,8.6,9.4,11.2,6.5,8.7,21.3,5.8,7.3,10.4,27.2,20.2,17.9,1.7,3.8,3.8,3.3
113,2018-04-24,18.1,1.8,-0.0,3.5,9.9,5.8,4.6,3.2,0.6,2.5,7.4,7.8,9.2,5.4,6.8,18.0,4.9,5.8,8.8,22.8,17.0,15.2,1.5,3.2,3.2,2.7
114,2018-04-25,16.8,1.7,-0.0,3.0,9.2,5.3,4.3,3.1,0.6,2.3,6.7,7.3,9.7,5.0,7.3,16.7,4.6,6.5,8.1,23.3,16.2,14.0,1.4,2.6,3.0,2.5
115,2018-04-26,15.3,1.6,0.0,3.0,8.3,4.9,4.0,2.9,0.5,2.1,6.2,6.5,8.8,4.6,6.2,15.4,4.2,4.9,7.4,20.9,14.5,12.9,1.3,2.6,2.8,2.3
116,2018-04-27,14.5,1.4,0.0,3.1,7.9,4.7,3.8,2.6,0.5,1.9,6.5,6.3,8.5,4.4,6.5,14.5,3.9,5.4,7.2,20.2,13.9,12.2,1.2,2.6,2.7,2.1
117,2018-04-28,14.0,1.4,0.0,3.0,7.4,4.5,3.6,2.4,0.5,1.9,6.3,5.9,8.2,4.2,7.1,13.8,3.7,5.6,7.0,22.2,13.4,11.6,1.2,2.9,2.6,1.9
118,2018-04-29,12.6,1.3,0.0,2.8,6.7,4.1,3.3,2.3,0.4,1.7,5.8,5.3,7.5,3.8,6.2,12.2,3.4,5.1,6.3,20.3,12.0,10.3,1.0,2.5,2.3,1.8
119,2018-04-30,15.8,1.6,-0.0,3.5,8.5,5.1,4.2,2.8,0.5,2.2,7.3,6.8,9.4,4.8,7.1,15.3,4.2,5.9,8.0,23.1,15.5,13.0,1.3,3.0,2.9,2.2
120,2018-05-01,16.5,1.6,-0.0,3.5,8.8,5.3,4.6,2.9,0.6,2.3,7.3,7.3,9.8,5.0,5.7,15.9,4.4,5.1,8.6,23.1,16.2,13.5,1.3,2.8,3.0,2.3
121,2018-05-02,12.5,1.2,-0.0,2.5,6.7,4.1,3.7,2.1,0.5,1.8,5.1,5.8,7.4,3.8,7.1,12.1,3.4,5.9,6.8,21.9,12.0,10.3,1.0,2.9,2.3,1.7
122,2018-05-03,16.2,1.5,0.0,3.1,8.4,5.1,4.3,2.6,0.6,2.2,6.5,7.0,9.4,4.9,4.0,15.2,4.2,3.9,8.5,25.1,15.3,12.9,1.2,2.8,2.9,2.0
123,2018-05-04,7.5,1.0,0.0,1.4,3.9,2.3,1.9,1.7,0.3,1.0,3.0,3.2,4.2,2.2,4.9,6.9,1.9,4.1,3.9,16.7,7.0,5.8,0.6,2.1,1.3,1.3
124,2018-05-05,14.6,1.4,0.0,3.1,7.9,4.7,4.1,2.4,0.5,2.0,6.4,6.7,6.9,4.4,6.1,13.7,3.9,5.1,7.7,16.6,13.9,11.9,1.1,2.7,2.7,1.9
125,2018-05-06,15.4,1.4,0.0,2.9,8.3,4.9,4.5,2.4,0.6,2.1,6.3,6.8,7.7,4.7,6.4,14.2,4.0,5.3,8.1,18.8,14.5,12.2,1.2,2.7,2.8,1.9
126,2018-05-07,13.9,1.3,0.0,2.8,7.5,4.5,3.9,2.1,0.5,1.9,6.0,6.3,7.0,4.3,5.0,13.0,3.7,4.1,7.4,17.0,13.1,11.3,1.1,2.4,2.6,1.7
127,2018-05-08,11.9,1.1,-0.0,2.3,6.4,3.8,3.5,2.0,0.5,1.6,4.9,5.5,5.3,3.7,5.8,11.1,3.1,4.6,6.5,13.9,11.3,9.5,0.9,2.3,2.2,1.6
128,2018-05-09,13.3,1.2,-0.0,2.4,7.2,4.3,3.9,2.1,0.5,1.7,5.5,5.9,5.6,4.1,5.5,12.4,3.4,4.7,6.9,13.4,12.8,10.6,1.1,2.2,2.5,1.6
129,2018-05-10,8.0,0.8,-0.0,1.4,4.3,2.6,2.3,1.3,0.3,1.0,3.3,3.4,3.6,2.4,4.1,7.4,2.0,3.2,4.0,10.0,7.6,6.3,0.6,1.1,1.5,1.0
130,2018-05-11,5.3,0.5,-0.0,0.9,2.9,1.7,1.5,0.9,0.2,0.7,2.1,2.3,2.3,1.6,3.2,4.9,1.3,2.2,2.7,5.0,5.0,4.2,0.4,0.7,1.0,0.7
131,2018-05-12,5.4,0.8,-0.0,1.0,2.9,1.7,1.6,1.3,0.2,0.7,2.3,2.3,2.2,1.6,5.5,4.9,1.3,4.4,2.6,11.1,5.1,4.2,0.4,1.9,1.0,1.0
132,2018-05-13,8.2,0.7,-0.0,1.3,4.4,2.6,2.4,1.2,0.3,1.0,3.1,3.4,3.2,2.4,5.5,7.3,2.0,4.7,3.9,9.5,7.8,6.3,0.7,1.8,1.5,0.9
133,2018-05-14,10.8,1.0,0.0,1.7,5.9,3.4,3.1,1.7,0.4,1.3,4.0,4.7,4.5,3.2,5.1,9.8,2.6,4.2,5.3,11.9,10.1,8.4,0.9,2.0,2.0,1.3
134,2018-05-15,5.3,0.8,0.0,0.9,2.9,1.7,1.5,1.3,0.2,0.7,2.0,2.4,2.3,1.6,3.4,4.9,1.3,2.7,2.7,8.5,5.1,4.2,0.4,1.4,1.0,1.0
135,2018-05-16,10.8,1.0,0.0,1.7,5.8,3.4,3.1,1.8,0.4,1.4,4.0,4.7,4.3,3.2,5.4,9.8,2.7,4.7,5.5,11.9,10.2,8.4,0.9,2.2,2.0,1.5
136,2018-05-17,9.4,0.9,0.0,1.4,5.1,3.0,2.6,1.5,0.3,1.2,3.5,4.3,3.6,2.8,3.1,8.6,2.4,2.5,4.9,8.3,8.8,7.4,0.8,1.5,1.7,1.2
137,2018-05-18,4.6,0.7,0.0,0.7,2.5,1.5,1.3,1.1,0.2,0.6,1.7,2.1,1.8,1.4,3.1,4.3,1.2,2.9,2.5,5.3,4.4,3.7,0.4,0.9,0.8,0.9
138,2018-05-19,7.3,0.7,0.0,1.1,4.0,2.4,2.0,1.3,0.3,0.9,2.7,3.2,2.9,2.2,4.0,6.8,1.8,2.7,3.7,8.0,6.9,5.8,0.6,1.3,1.3,1.1
139,2018-05-20,7.9,0.8,0.0,1.2,4.3,2.6,2.1,1.5,0.3,1.1,2.9,3.5,3.3,2.4,2.6,7.6,2.1,2.0,4.0,6.3,7.4,6.6,0.6,0.9,1.4,1.2
140,2018-05-21,4.0,0.5,0.0,0.7,2.2,1.3,1.0,0.9,0.1,0.5,1.6,1.7,1.7,1.2,2.9,3.8,1.0,2.5,2.0,6.3,3.7,3.3,0.3,1.2,0.7,0.7
141,2018-05-22,6.6,0.7,0.0,1.2,3.6,2.1,1.7,1.2,0.2,0.9,2.7,2.9,2.8,2.0,3.2,6.5,1.7,2.5,3.4,7.1,6.2,5.5,0.5,1.2,1.2,1.0
142,2018-05-23,11.8,1.2,0.0,2.3,6.5,3.9,3.0,2.1,0.4,1.6,5.1,5.2,5.0,3.6,2.9,11.7,3.1,2.5,6.1,11.4,11.2,9.9,0.9,1.7,2.1,1.7
143,2018-05-24,4.6,0.6,-0.0,0.8,2.5,1.5,1.2,1.1,0.2,0.6,1.9,2.0,2.3,1.4,4.6,4.5,1.2,3.4,2.3,8.5,4.4,3.8,0.4,1.0,0.8,0.9
144,2018-05-25,10.5,1.0,-0.0,1.7,5.8,3.4,2.6,1.7,0.3,1.5,3.9,4.6,5.2,3.2,4.6,10.2,2.8,3.7,5.3,12.6,9.9,8.6,0.8,1.9,1.8,1.4
145,2018-05-26,10.5,1.0,-0.0,1.7,5.8,3.4,2.6,1.7,0.3,1.5,3.9,4.6,4.7,3.2,3.7,10.0,2.8,3.2,5.3,11.8,9.8,8.5,0.8,2.0,1.8,1.4
146,2018-05-27,7.9,0.8,-0.0,1.4,4.3,2.6,1.9,1.4,0.2,1.1,3.0,3.5,3.9,2.3,3.4,7.5,2.1,3.2,4.0,10.9,7.4,6.4,0.6,1.6,1.4,1.1
147,2018-05-28,5.9,0.5,-0.0,1.0,3.3,1.9,1.5,0.9,0.2,0.8,2.3,2.6,2.6,1.7,4.0,5.6,1.6,2.9,3.0,6.4,5.5,4.8,0.5,1.1,1.0,0.7
148,2018-05-29,3.9,0.6,-0.0,0.8,2.2,1.3,1.0,1.0,0.1,0.6,1.8,1.8,1.6,1.2,4.6,3.7,1.1,3.4,2.0,6.6,3.7,3.2,0.3,1.2,0.7,0.8
149,2018-05-30,5.8,0.7,-0.0,1.2,3.3,1.9,1.5,1.2,0.2,0.8,2.7,2.7,2.5,1.8,4.3,5.6,1.6,3.2,3.0,6.3,5.6,4.8,0.5,1.0,1.0,0.9
150,2018-05-31,7.1,0.7,0.0,1.4,4.0,2.3,1.8,1.2,0.2,1.0,3.2,3.3,2.9,2.1,4.3,6.8,1.9,3.4,3.7,7.2,6.9,5.8,0.6,1.3,1.3,0.9
151,2018-06-01,5.2,0.5,-0.0,1.0,2.9,1.7,1.3,0.9,0.2,0.7,2.3,2.5,2.0,1.6,4.3,5.0,1.4,3.1,2.8,5.8,5.0,4.2,0.4,1.2,0.9,0.8
152,2018-06-02,5.2,0.5,-0.0,0.9,2.9,1.7,1.3,0.8,0.2,0.7,2.2,2.5,2.2,1.6,3.7,5.0,1.3,2.9,2.8,6.2,5.0,4.3,0.4,1.1,0.9,0.7
153,2018-06-03,6.6,0.6,-0.0,1.2,3.6,2.1,1.6,1.1,0.2,0.9,2.7,3.1,2.8,1.9,3.7,6.3,1.7,2.9,3.5,7.0,6.3,5.4,0.5,1.3,1.1,0.9
154,2018-06-04,5.9,0.6,0.0,1.1,3.2,1.9,1.5,1.1,0.2,0.8,2.5,2.8,2.6,1.7,3.5,5.7,1.5,2.6,3.2,7.2,5.6,4.9,0.5,1.1,1.0,0.9
155,2018-06-05,5.9,0.5,-0.0,1.2,3.3,1.9,1.5,1.0,0.2,0.8,2.6,2.8,2.6,1.7,3.5,5.7,1.5,2.4,3.2,5.9,5.6,4.9,0.5,0.9,1.0,0.8
156,2018-06-06,5.9,0.6,-0.0,1.2,3.3,1.9,1.5,1.1,0.2,0.8,2.6,2.8,2.7,1.7,5.0,5.7,1.5,3.8,3.2,8.5,5.6,4.9,0.5,1.6,1.1,0.9
157,2018-06-07,8.5,0.8,-0.0,1.8,4.7,2.7,2.1,1.5,0.3,1.1,3.8,4.0,4.5,2.5,2.3,8.3,2.1,1.9,4.6,10.7,8.1,7.1,0.7,1.3,1.5,1.2
158,2018-06-08,3.3,0.5,-0.0,0.7,1.8,1.0,0.8,0.8,0.1,0.4,1.5,1.5,1.5,1.0,2.3,3.2,0.8,1.9,1.8,5.5,3.2,2.7,0.3,0.9,0.6,0.6
159,2018-06-09,5.9,0.7,-0.0,1.3,3.3,1.9,1.5,1.2,0.2,0.8,2.8,2.8,3.2,1.7,2.6,5.7,1.5,1.9,3.2,8.1,5.7,4.8,0.5,0.9,1.1,1.0
160,2018-06-10,5.9,0.6,-0.0,1.3,3.2,1.9,1.5,1.0,0.2,0.8,2.8,2.8,2.6,1.7,3.2,5.6,1.6,2.4,3.2,6.7,5.9,4.8,0.5,1.2,1.1,0.8
161,2018-06-11,6.6,0.6,-0.0,1.4,3.6,2.1,1.7,1.1,0.2,0.9,3.1,3.1,3.2,2.0,3.2,6.2,1.8,2.6,3.5,9.0,6.5,5.3,0.5,1.3,1.2,0.9
162,2018-06-12,4.6,0.3,0.0,1.0,2.5,1.5,1.2,0.6,0.2,0.6,2.1,2.2,2.7,1.4,2.6,4.3,1.2,1.9,2.5,8.9,4.6,3.7,0.4,1.0,0.8,0.5
163,2018-06-13,6.0,0.5,0.0,1.3,3.3,1.9,1.6,0.9,0.2,0.8,2.8,2.8,2.6,1.8,2.9,5.6,1.6,2.1,3.2,5.7,5.9,4.8,0.5,1.3,1.1,0.7
164,2018-06-14,6.7,0.7,0.0,1.5,3.6,2.1,1.8,1.2,0.2,0.9,3.2,3.1,3.1,2.0,2.9,6.2,1.8,2.1,3.6,7.9,6.6,5.3,0.5,1.1,1.2,1.0
165,2018-06-15,5.4,0.5,0.0,1.1,2.9,1.7,1.4,0.8,0.2,0.7,2.5,2.5,2.4,1.6,2.6,5.1,1.4,1.9,2.8,6.0,5.5,4.4,0.4,0.9,1.0,0.7
166,2018-06-16,5.4,0.5,-0.0,1.1,2.9,1.7,1.4,0.8,0.2,0.7,2.4,2.5,2.4,1.6,2.6,5.0,1.4,1.9,2.8,6.8,5.2,4.3,0.4,0.9,1.0,0.7
167,2018-06-17,4.2,0.4,0.0,0.8,2.2,1.3,1.1,0.7,0.1,0.6,1.8,1.9,1.8,1.2,3.0,3.9,1.1,2.2,2.1,3.9,4.0,3.3,0.3,0.6,0.7,0.6
168,2018-06-18,8.4,0.7,-0.0,1.6,4.4,2.6,2.1,1.2,0.3,1.1,3.6,3.8,3.9,2.4,3.5,7.7,2.2,2.9,4.3,9.2,8.1,6.5,0.6,1.4,1.5,0.9
169,2018-06-19,6.2,0.6,-0.0,1.2,3.3,1.9,1.6,1.0,0.2,0.8,2.7,2.8,3.1,1.8,3.2,5.7,1.6,2.7,3.3,8.7,5.9,4.8,0.5,1.2,1.1,0.8
170,2018-06-20,6.1,0.6,-0.0,1.3,3.3,1.9,1.6,1.0,0.2,0.8,2.7,2.8,3.1,1.8,2.7,5.6,1.6,2.5,3.2,8.8,5.9,4.8,0.5,1.3,1.1,0.8
171,2018-06-21,7.5,0.7,-0.0,1.6,4.1,2.4,1.9,1.2,0.2,1.0,3.4,3.4,4.1,2.2,3.9,6.8,2.0,3.2,4.0,10.6,7.2,5.8,0.6,1.6,1.3,0.9
172,2018-06-22,8.7,0.8,-0.0,1.9,4.7,2.8,2.2,1.4,0.3,1.2,4.1,4.1,5.0,2.6,3.9,8.0,2.4,3.2,4.7,12.7,8.6,6.9,0.7,1.7,1.6,1.1
173,2018-06-23,7.4,0.7,-0.0,1.6,4.0,2.4,1.8,1.2,0.2,1.0,3.5,3.4,4.3,2.2,3.6,6.7,2.0,2.7,4.0,9.9,7.3,5.8,0.6,1.4,1.3,0.9
174,2018-06-24,8.1,0.7,-0.0,1.8,4.3,2.6,2.0,1.2,0.3,1.1,3.9,3.7,4.1,2.4,4.2,7.3,2.1,3.4,4.3,10.3,8.2,6.3,0.6,1.6,1.4,0.9
175,2018-06-25,6.8,0.6,-0.0,1.5,3.6,2.1,1.7,1.1,0.2,0.9,3.3,3.1,3.3,1.9,2.1,6.1,1.8,1.7,3.6,7.6,7.0,5.3,0.5,1.0,1.1,0.8
176,2018-06-26,8.3,0.8,-0.0,1.7,4.5,2.5,2.0,1.3,0.3,1.1,3.9,3.9,3.9,2.3,2.1,7.3,2.1,2.0,4.3,9.8,8.5,6.3,0.6,1.6,1.4,1.0
177,2018-06-27,5.1,0.5,-0.0,1.0,2.7,1.5,1.1,0.9,0.1,0.6,2.2,2.3,2.1,1.4,2.4,4.3,1.2,1.0,2.5,5.2,4.9,3.7,0.4,0.7,0.8,0.7
178,2018-06-28,3.0,0.3,-0.0,0.6,1.5,0.8,0.7,0.4,0.1,0.3,1.2,1.3,1.2,0.8,3.0,2.4,0.7,1.9,1.5,6.8,2.8,2.1,0.2,0.6,0.5,0.3
179,2018-06-29,4.4,0.4,-0.0,0.8,2.3,1.3,1.0,0.8,0.1,0.5,1.8,2.1,1.9,1.2,2.4,3.7,1.0,1.9,2.3,3.9,4.2,3.2,0.3,0.7,0.7,0.6
180,2018-06-30,6.5,0.6,-0.0,1.2,3.4,1.9,1.5,1.0,0.2,0.7,2.7,3.2,2.7,1.8,3.0,5.5,1.3,2.2,3.6,5.9,6.2,4.8,0.5,0.9,1.0,0.8
181,2018-07-01,8.5,0.8,-0.0,1.7,4.6,2.5,1.9,1.3,0.3,0.9,3.7,4.3,3.6,2.4,3.4,7.3,1.8,2.6,4.9,8.3,8.2,6.3,0.6,1.3,1.4,1.0
182,2018-07-02,7.0,0.6,-0.0,1.4,3.8,2.1,1.6,1.1,0.2,0.7,3.1,3.6,3.0,2.0,4.5,6.1,1.5,3.1,4.2,8.3,6.8,5.3,0.5,1.4,1.1,0.8
183,2018-07-03,7.0,0.6,-0.0,1.4,3.9,2.1,1.6,1.1,0.2,0.7,3.1,3.7,3.1,2.0,2.9,6.1,1.5,1.9,4.2,7.7,6.8,5.3,0.5,1.2,1.1,0.8
184,2018-07-04,7.6,0.6,-0.0,1.6,4.4,2.3,1.8,1.1,0.2,0.8,3.4,4.3,3.5,2.2,4.6,6.7,1.6,2.9,4.7,8.7,7.4,5.8,0.6,1.4,1.3,0.8
185,2018-07-05,9.0,0.8,-0.0,1.8,4.8,2.7,2.1,1.4,0.3,1.0,4.0,4.6,4.2,2.6,4.6,7.9,1.9,3.1,5.6,10.6,8.8,6.9,0.7,1.7,1.5,1.1
186,2018-07-06,2.1,0.2,-0.0,0.4,1.1,0.6,0.5,0.3,0.1,0.2,0.9,1.1,1.0,0.6,4.3,1.8,0.4,2.9,1.3,8.0,2.0,1.6,0.2,1.3,0.3,0.2
187,2018-07-07,5.4,0.5,-0.0,1.1,2.9,1.7,1.3,0.8,0.2,0.6,2.4,2.9,2.5,1.6,3.3,4.9,1.1,1.9,3.5,3.1,5.4,4.2,0.4,0.9,0.9,0.7
188,2018-07-08,6.2,0.5,-0.0,1.3,3.3,1.9,1.5,0.9,0.2,0.7,2.8,3.1,2.7,1.8,2.7,5.5,1.3,1.9,3.8,4.5,6.1,4.7,0.4,0.7,1.0,0.7
189,2018-07-09,5.5,0.5,-0.0,1.1,2.9,1.7,1.3,0.9,0.2,0.6,2.4,2.7,2.4,1.6,3.4,4.9,1.1,1.9,3.3,5.2,5.4,4.2,0.4,1.1,0.9,0.7
190,2018-07-10,8.2,0.8,-0.0,1.7,4.4,2.5,1.9,1.3,0.3,0.9,3.6,4.0,3.6,2.4,2.7,7.4,1.7,1.9,4.8,7.5,8.0,6.3,0.6,1.3,1.3,1.0
191,2018-07-11,8.3,0.8,-0.0,1.6,4.5,2.5,1.9,1.3,0.3,0.9,3.5,4.1,3.6,2.4,2.0,7.4,1.7,1.9,4.8,7.5,8.1,6.3,0.6,1.1,1.3,1.0
192,2018-07-12,5.5,0.4,-0.0,1.1,3.0,1.7,1.3,0.6,0.2,0.6,2.3,2.7,2.4,1.6,1.3,4.9,1.1,1.9,3.2,3.7,5.3,4.2,0.4,0.8,0.9,0.5
193,2018-07-13,6.8,0.6,0.0,1.4,3.7,2.1,1.6,1.1,0.2,0.7,2.9,3.5,3.2,2.0,3.9,6.1,1.4,2.7,4.1,7.2,6.5,5.3,0.5,1.2,1.1,0.8
194,2018-07-14,9.5,0.9,0.0,1.9,5.3,3.0,2.2,1.5,0.3,1.0,4.2,5.0,4.8,2.8,4.8,8.5,1.9,3.4,5.7,11.3,9.1,7.4,0.7,1.7,1.5,1.2
195,2018-07-15,9.5,0.8,0.0,2.0,5.3,3.0,2.2,1.4,0.3,1.0,4.2,5.0,4.6,2.8,4.8,8.5,1.9,3.6,5.8,10.8,9.1,7.3,0.7,1.7,1.5,1.1
196,2018-07-16,6.8,0.6,0.0,1.4,3.8,2.1,1.6,1.1,0.2,0.8,3.1,3.6,3.1,2.0,3.6,6.1,1.4,2.2,4.2,7.0,6.6,5.3,0.5,1.0,1.1,0.8
197,2018-07-17,10.2,0.9,0.0,2.1,5.7,3.2,2.3,1.6,0.3,1.1,4.6,5.4,4.6,2.9,3.6,9.1,2.1,2.7,6.3,10.6,9.9,7.9,0.7,1.6,1.6,1.2
198,2018-07-18,9.6,0.9,0.0,1.8,5.5,3.0,2.1,1.5,0.3,1.1,4.1,5.1,4.2,2.7,4.2,8.5,2.0,2.9,5.9,9.7,9.1,7.4,0.7,1.7,1.5,1.1
199,2018-07-19,8.8,0.8,0.0,1.7,5.0,2.8,2.0,1.4,0.3,1.0,3.6,4.8,3.8,2.5,4.9,7.9,1.8,3.7,5.5,10.2,8.4,6.8,0.6,1.8,1.4,1.0
200,2018-07-20,5.5,0.4,0.0,1.0,3.0,1.7,1.2,0.7,0.2,0.6,2.2,3.0,2.3,1.5,4.3,4.8,1.1,2.9,3.4,5.8,5.2,4.2,0.4,1.2,0.8,0.6
201,2018-07-21,8.8,0.8,-0.0,1.7,4.9,2.7,2.0,1.3,0.3,1.0,3.7,4.8,3.8,2.5,3.0,7.8,1.8,2.2,5.7,8.0,8.4,6.8,0.6,1.2,1.4,1.0
202,2018-07-22,7.4,0.7,-0.0,1.5,4.1,2.3,1.7,1.2,0.2,0.9,3.2,4.0,3.2,2.1,4.0,6.6,1.6,2.7,4.8,6.5,7.0,5.7,0.5,1.0,1.2,0.9
203,2018-07-23,7.4,0.7,-0.0,1.5,4.2,2.3,1.7,1.1,0.2,0.9,3.3,4.0,3.2,2.1,2.7,6.6,1.7,1.7,4.8,5.8,7.0,5.8,0.5,0.9,1.2,0.9
204,2018-07-24,8.7,0.8,-0.0,1.7,5.0,2.7,2.0,1.3,0.3,1.1,3.7,4.8,3.8,2.5,4.0,7.8,2.1,2.7,5.6,8.6,8.3,6.8,0.6,1.4,1.4,1.0
205,2018-07-25,4.7,0.9,-0.0,0.9,2.7,1.5,1.1,1.5,0.1,0.6,2.1,2.6,2.0,1.3,4.7,4.2,1.2,3.1,3.0,9.2,4.5,3.7,0.3,1.6,0.7,1.1
206,2018-07-26,7.4,0.7,0.0,1.5,4.2,2.3,1.7,1.2,0.2,1.0,3.2,4.0,3.1,2.1,4.0,6.6,1.9,2.4,4.7,7.0,7.0,5.8,0.5,1.2,1.2,0.9
207,2018-07-27,10.1,0.9,0.0,1.8,5.7,3.1,2.3,1.7,0.3,1.4,4.2,5.6,4.3,2.8,4.3,9.1,2.6,3.3,6.6,9.8,9.6,7.9,0.7,1.6,1.6,1.4
208,2018-07-28,5.4,0.6,0.0,0.9,3.0,1.7,1.2,1.1,0.1,0.8,2.2,3.0,2.3,1.5,5.0,4.9,1.4,2.8,3.5,5.7,5.1,4.3,0.4,1.0,0.9,0.9
209,2018-07-29,5.4,0.5,0.0,1.0,3.0,1.7,1.2,1.0,0.2,0.8,2.3,3.0,2.3,1.5,5.3,5.0,1.4,3.3,3.5,7.7,5.0,4.3,0.4,1.0,0.9,0.9
210,2018-07-30,6.8,0.6,0.0,1.2,3.8,2.1,1.5,1.1,0.2,1.0,2.8,3.7,2.8,1.9,4.4,6.6,1.8,2.3,4.4,5.0,6.4,5.6,0.5,0.9,1.1,0.9
211,2018-07-31,9.4,1.0,0.0,1.6,5.4,2.9,2.2,1.8,0.3,1.4,3.8,5.2,3.9,2.6,5.1,9.2,2.6,3.3,6.1,9.9,8.8,7.9,0.7,1.6,1.5,1.7
212,2018-08-01,11.3,1.3,0.0,2.0,6.5,3.5,2.6,2.4,0.3,1.7,4.6,6.3,5.3,3.2,5.1,11.4,3.2,3.2,7.4,12.9,10.6,9.6,0.8,1.8,1.8,2.2
213,2018-08-02,12.1,1.3,0.0,2.2,7.0,3.6,2.8,2.5,0.4,1.8,5.0,6.6,6.0,3.4,6.7,12.1,3.4,4.2,7.7,15.5,11.3,10.2,0.9,2.2,1.9,2.8
214,2018-08-03,8.7,1.0,0.0,1.7,5.0,2.5,2.0,1.8,0.3,1.3,3.7,4.7,4.5,2.5,4.0,8.8,2.4,2.0,5.6,11.7,8.2,7.4,0.6,1.6,1.4,2.0
215,2018-08-04,7.4,0.8,0.0,1.5,4.3,2.0,1.8,1.6,0.2,1.1,3.1,4.1,4.0,2.1,6.4,7.5,2.1,3.0,4.7,9.4,6.9,6.3,0.5,1.4,1.2,1.7
216,2018-08-05,14.2,1.5,0.0,2.8,8.2,3.8,3.4,2.9,0.4,2.1,6.0,7.8,8.2,4.0,6.7,14.5,4.0,3.7,9.1,22.7,13.2,11.9,1.1,2.6,2.4,3.0
217,2018-08-06,9.4,0.8,0.0,1.9,5.5,2.5,2.3,1.5,0.3,1.4,4.0,5.3,5.8,2.7,5.0,9.7,2.7,2.2,6.0,11.0,8.8,8.0,0.7,1.4,1.6,1.7
218,2018-08-07,10.1,1.0,0.0,2.1,5.9,2.7,2.5,1.9,0.3,1.5,4.3,5.7,7.4,2.9,5.7,10.4,2.9,2.5,6.5,19.5,9.5,8.5,0.8,1.9,1.8,1.8
219,2018-08-08,7.4,0.8,0.0,1.8,4.3,2.0,1.8,1.5,0.2,1.1,3.5,4.1,5.3,2.1,4.0,7.6,2.1,1.9,4.8,10.1,7.0,6.2,0.6,1.2,1.3,1.3
220,2018-08-09,10.8,1.2,0.0,2.7,6.2,3.2,2.7,2.1,0.3,1.6,5.7,6.0,7.9,3.1,6.7,10.9,3.1,3.5,7.0,18.1,11.3,9.0,0.9,2.0,1.9,1.7
221,2018-08-10,12.2,1.3,0.0,3.1,7.0,3.7,3.0,2.4,0.3,1.8,6.5,6.7,8.2,3.4,8.4,12.2,3.5,5.5,7.8,23.8,12.9,10.2,1.0,3.0,2.2,1.9
222,2018-08-11,9.7,1.0,-0.0,2.5,5.5,2.9,2.3,1.9,0.3,1.4,5.2,5.2,6.2,2.6,5.0,9.5,2.7,3.3,6.0,16.0,10.2,7.9,0.8,1.9,1.7,2.0
223,2018-08-12,11.2,1.1,-0.0,2.5,6.0,3.1,2.5,2.1,0.3,1.5,5.4,5.7,6.4,2.8,6.0,10.2,2.9,4.0,6.5,15.5,11.8,8.5,0.8,2.1,1.8,2.1
224,2018-08-13,10.6,1.1,0.0,2.2,5.6,2.9,2.4,1.9,0.3,1.4,4.8,5.3,5.8,2.6,4.4,9.6,2.7,2.8,6.1,7.6,11.0,8.0,0.8,1.2,1.7,2.0
225,2018-08-14,15.3,1.5,0.0,3.1,8.0,4.1,3.4,2.7,0.4,2.0,6.6,7.6,8.8,3.8,7.7,13.8,3.8,5.0,8.7,20.7,15.4,11.4,1.1,2.5,2.4,2.4
226,2018-08-15,10.8,1.0,0.0,2.1,5.7,2.9,2.4,1.9,0.3,1.4,4.3,5.3,6.2,2.7,4.3,9.6,2.7,2.6,6.1,14.0,10.3,7.9,0.8,1.6,1.7,1.5
227,2018-08-16,16.6,1.6,0.0,3.4,8.9,4.5,3.7,2.9,0.5,2.2,6.9,8.3,9.9,4.3,7.0,15.0,4.3,4.7,9.4,24.7,15.8,12.4,1.2,2.8,2.6,2.6
228,2018-08-17,12.1,1.2,0.0,2.6,6.6,3.3,2.7,2.1,0.3,1.6,5.2,6.2,7.5,3.1,7.7,10.9,3.2,4.6,6.9,18.2,11.5,9.0,0.9,2.1,1.9,1.9
229,2018-08-18,8.9,1.0,0.0,2.0,4.9,2.4,2.1,1.9,0.3,1.2,4.2,4.6,5.5,2.4,6.3,8.1,2.4,4.1,5.1,14.1,8.9,6.8,0.7,2.0,1.5,1.8
230,2018-08-19,10.4,1.0,-0.0,2.4,5.8,2.8,2.4,1.9,0.3,1.4,5.0,5.4,6.2,2.8,6.3,9.5,2.9,3.8,6.0,16.0,10.6,8.0,0.8,2.0,1.7,1.8
231,2018-08-20,17.2,1.6,-0.0,3.9,9.5,4.8,4.0,3.0,0.5,2.3,8.3,9.0,10.0,4.6,6.0,15.7,4.7,3.7,10.0,22.6,17.7,13.0,1.4,2.7,2.9,2.8
232,2018-08-21,6.1,1.0,-0.0,1.3,3.3,1.7,1.4,1.7,0.2,0.8,2.8,3.2,3.4,1.6,4.0,5.5,1.6,2.6,3.6,11.1,6.2,4.5,0.5,1.2,1.0,1.5
233,2018-08-22,10.0,1.0,0.0,2.1,5.4,2.7,2.3,1.9,0.3,1.3,4.5,5.2,5.7,2.6,7.6,8.9,2.6,4.3,5.8,10.3,10.0,7.3,0.8,1.1,1.6,1.6
234,2018-08-23,10.0,0.9,0.0,2.2,5.4,2.7,2.3,1.6,0.3,1.2,4.6,5.4,5.7,2.5,8.7,8.9,2.5,5.7,5.9,16.1,10.1,7.3,0.8,2.1,1.6,1.6
235,2018-08-24,16.0,1.5,-0.0,3.5,8.8,4.4,3.8,2.9,0.5,2.0,7.5,8.7,9.4,4.1,8.8,14.3,4.0,6.0,9.6,25.7,16.4,11.9,1.2,3.1,2.7,2.9
236,2018-08-25,13.5,1.3,0.0,3.0,7.4,3.8,3.3,2.5,0.4,1.7,6.4,7.5,8.0,3.6,8.9,12.3,3.4,6.0,8.3,23.2,14.0,10.2,1.0,2.8,2.3,2.5
237,2018-08-26,16.0,1.3,0.0,3.6,8.6,4.4,3.9,2.3,0.5,2.0,7.5,8.6,9.1,4.2,8.0,14.4,4.0,5.2,9.7,20.2,16.4,11.9,1.2,2.4,2.7,2.2
238,2018-08-27,19.0,1.8,0.0,4.2,10.2,5.2,4.6,3.3,0.6,2.4,9.0,10.2,10.9,5.0,9.1,17.1,4.8,5.7,11.6,28.4,19.7,14.1,1.5,3.5,3.2,2.9
239,2018-08-28,19.2,1.8,-0.0,4.2,10.3,5.2,4.6,3.4,0.6,2.3,8.9,10.2,11.2,5.0,9.8,17.0,4.7,6.1,11.6,29.2,19.7,14.1,1.4,3.3,3.2,3.3
240,2018-08-29,20.1,1.9,0.0,4.5,10.8,5.4,4.7,3.5,0.6,2.4,9.5,10.7,11.6,5.3,9.4,17.7,4.9,6.1,12.1,29.0,20.4,14.7,1.5,3.5,3.4,3.4
241,2018-08-30,14.7,1.3,0.0,3.2,8.0,4.0,3.5,2.4,0.4,1.8,6.9,7.9,8.4,3.8,4.9,12.9,3.6,3.3,8.8,19.5,15.1,10.8,1.1,2.4,2.4,2.4
242,2018-08-31,6.2,0.8,0.0,1.4,3.4,1.7,1.5,1.5,0.2,0.8,2.9,3.4,3.4,1.6,5.9,5.4,1.5,3.8,3.7,13.2,6.3,4.5,0.4,1.9,1.0,1.5
243,2018-09-01,13.2,1.3,0.0,2.8,7.1,3.6,3.4,2.5,0.5,1.6,6.1,7.1,7.2,3.5,6.7,11.6,3.2,4.1,8.0,14.3,13.5,9.6,0.9,1.8,2.1,2.6
244,2018-09-02,17.0,1.6,0.0,3.6,9.2,4.7,4.5,3.0,0.6,2.1,7.8,9.2,9.7,4.6,7.4,15.0,4.1,5.1,10.4,24.1,17.4,12.5,1.2,2.8,2.8,3.1
245,2018-09-03,8.5,1.6,-0.0,1.8,4.6,2.4,2.2,2.9,0.3,1.0,3.9,4.6,4.9,2.3,9.2,7.6,2.0,6.3,5.2,25.6,8.6,6.2,0.6,3.1,1.4,3.0
246,2018-09-04,17.7,1.7,-0.0,4.0,9.5,4.9,4.7,3.2,0.6,2.2,8.4,9.5,10.2,4.8,11.4,15.8,4.3,7.3,10.8,29.0,18.1,13.0,1.3,3.6,2.8,3.3
247,2018-09-05,15.4,2.1,-0.0,3.5,8.4,4.3,4.1,3.8,0.6,1.9,7.4,8.3,9.0,4.2,10.6,13.7,3.7,7.3,9.4,35.2,15.9,11.3,1.1,4.0,2.5,4.0
248,2018-09-06,13.9,1.2,-0.0,3.2,7.6,3.9,3.4,2.2,0.5,1.7,6.7,7.5,8.1,3.7,7.1,12.3,3.3,4.9,8.5,17.6,14.3,10.2,1.0,2.4,2.2,2.3
249,2018-09-07,16.3,1.6,-0.0,3.8,8.8,4.5,3.9,3.0,0.5,1.9,7.9,8.8,9.5,4.4,9.9,14.4,3.8,6.7,9.9,23.6,16.9,11.9,1.2,2.7,2.6,3.1
250,2018-09-08,17.9,1.8,-0.0,4.2,9.6,5.0,4.2,3.1,0.5,2.1,8.7,9.7,10.5,4.7,11.7,15.9,4.2,8.2,10.9,33.4,18.5,13.1,1.3,4.1,2.9,2.4
251,2018-09-09,20.3,1.8,-0.0,4.6,10.9,5.6,4.8,3.3,0.6,2.3,9.7,10.9,12.0,5.3,8.5,17.9,4.6,5.7,12.3,27.6,21.0,14.7,1.5,3.3,3.3,2.9
252,2018-09-10,25.2,2.3,-0.0,6.0,13.4,6.9,5.9,4.3,0.7,2.8,12.5,13.3,14.3,6.5,12.7,22.0,5.7,8.5,15.2,33.7,25.9,18.1,1.8,4.1,4.1,3.7
253,2018-09-11,28.8,2.6,-0.0,7.3,15.4,8.0,7.1,4.8,0.9,3.3,15.2,15.5,16.8,7.5,13.8,25.2,6.6,10.0,17.5,42.6,30.2,21.0,2.1,5.1,4.7,4.1
254,2018-09-12,24.3,2.2,-0.0,5.6,13.1,6.7,5.7,4.1,0.7,2.7,12.0,13.0,14.1,6.3,12.1,21.1,5.4,8.2,14.7,36.5,25.6,17.6,1.7,4.4,4.0,3.7
255,2018-09-13,28.4,2.6,-0.0,6.3,15.2,7.8,6.5,5.0,0.8,3.0,13.4,15.0,16.2,7.3,13.5,24.5,6.0,9.2,17.0,40.7,29.3,20.4,2.0,5.1,4.6,5.5
256,2018-09-14,30.0,2.9,-0.0,6.6,15.9,8.2,7.0,5.4,0.9,3.4,13.9,15.8,16.2,7.7,13.4,26.0,6.7,9.4,18.0,40.9,30.8,21.6,2.1,5.3,4.8,6.0
257,2018-09-15,21.2,2.0,0.0,4.5,11.3,5.8,5.4,3.8,0.7,2.5,9.7,11.2,11.7,5.5,10.6,18.6,4.8,7.2,12.7,30.6,21.7,15.4,1.5,3.6,3.4,4.3
258,2018-09-16,23.6,2.3,-0.0,5.0,12.7,6.4,5.9,4.4,0.8,2.6,10.7,12.6,12.7,6.2,12.0,21.0,5.2,7.6,14.2,30.0,23.9,17.1,1.6,3.8,3.7,5.1
259,2018-09-17,26.1,2.5,-0.0,5.3,14.0,7.1,5.9,4.8,0.8,2.8,11.4,13.8,14.6,6.8,11.3,23.3,5.7,7.6,15.6,36.2,26.2,18.9,1.8,4.2,4.1,5.6
260,2018-09-18,26.1,2.6,-0.0,5.3,14.2,7.3,6.1,5.0,0.8,3.0,11.2,14.4,14.9,7.0,9.6,24.2,5.9,6.6,16.1,36.1,26.3,19.5,1.9,4.1,4.2,5.8
261,2018-09-19,26.0,2.7,0.0,5.8,14.2,7.3,6.0,5.0,0.8,3.0,11.9,14.4,15.4,6.9,12.8,24.2,5.9,8.8,16.1,39.6,25.9,19.5,1.9,4.6,4.2,5.5
262,2018-09-20,28.4,2.8,0.0,6.3,15.4,7.9,6.6,5.2,0.8,3.3,13.3,15.3,19.1,7.5,14.2,26.3,6.6,9.5,17.6,49.4,28.8,21.1,2.0,5.2,4.6,5.8
263,2018-09-21,29.6,3.0,-0.0,6.9,16.4,8.4,7.1,5.6,0.9,3.5,14.2,16.4,21.2,7.9,14.9,27.5,7.0,10.3,18.6,54.7,30.2,22.3,2.2,5.4,4.9,6.0
264,2018-09-22,16.1,2.1,-0.0,4.0,8.9,4.5,3.8,4.0,0.5,1.9,8.1,8.9,11.3,4.3,14.9,14.7,3.8,9.9,10.0,42.6,16.6,11.9,1.2,4.7,2.6,4.5
265,2018-09-23,23.0,2.3,0.0,6.0,12.5,6.4,5.3,4.3,0.7,2.8,12.2,12.6,15.6,6.1,12.1,20.9,5.6,7.9,14.2,39.6,24.1,17.1,1.7,4.4,3.7,5.0
266,2018-09-24,21.6,2.4,-0.0,5.6,11.8,6.0,5.0,4.5,0.6,2.6,11.6,11.8,14.0,5.6,13.2,19.6,5.2,9.4,13.2,42.0,23.1,16.1,1.6,4.8,3.4,5.2
267,2018-09-25,25.2,2.5,0.0,6.6,13.4,6.9,5.5,4.6,0.7,2.9,13.6,13.2,14.7,6.4,14.9,22.7,5.9,9.3,15.1,40.1,26.5,18.4,1.8,4.8,3.9,5.4
268,2018-09-26,19.6,1.7,0.0,4.4,10.4,5.3,4.2,3.1,0.5,2.3,9.5,10.4,11.7,5.0,14.9,17.8,4.5,9.3,11.7,32.2,21.0,14.4,1.4,3.8,3.0,3.6
269,2018-09-27,32.1,3.1,-0.0,7.2,16.8,8.5,6.7,5.8,0.9,3.7,15.0,16.3,21.5,8.0,16.3,28.5,7.3,11.4,18.6,58.7,32.6,22.9,2.2,6.0,4.8,6.8
270,2018-09-28,27.0,2.6,-0.0,6.7,14.1,7.2,5.8,4.6,0.7,3.2,13.6,14.1,18.2,6.7,10.6,24.2,6.3,7.0,16.0,45.5,27.8,19.5,1.9,4.6,4.1,4.4
271,2018-09-29,31.3,2.9,-0.0,8.6,16.7,8.5,6.8,5.3,0.8,3.7,17.5,16.0,20.6,7.9,14.7,28.2,7.4,9.7,18.0,50.5,33.5,22.7,2.2,5.5,4.9,5.2
272,2018-09-30,33.6,3.2,-0.0,9.2,17.7,9.1,7.4,5.8,0.9,4.0,19.1,17.1,23.8,8.5,16.1,29.7,7.9,10.6,19.5,59.7,36.7,24.3,2.4,6.0,5.2,5.8
273,2018-10-01,38.1,3.5,-0.0,10.5,20.0,10.1,8.4,6.4,1.1,4.5,21.3,19.2,25.3,9.6,16.2,32.8,8.7,11.0,21.7,63.1,40.9,27.1,2.6,6.6,5.8,6.3
274,2018-10-02,37.0,3.2,-0.0,8.9,19.6,9.7,8.4,6.0,1.1,4.3,18.9,18.9,22.7,9.3,14.4,31.4,8.4,9.8,20.7,56.3,39.9,26.0,2.5,6.2,5.5,5.9
275,2018-10-03,10.5,1.7,0.0,2.3,5.5,2.7,2.5,3.2,0.4,1.2,4.8,5.3,5.9,2.7,12.3,8.9,2.4,8.1,5.8,29.3,10.7,7.4,0.7,3.4,1.6,3.6
276,2018-10-04,12.9,1.9,0.0,2.7,6.9,3.4,3.0,3.5,0.4,1.5,5.7,6.9,7.8,3.3,16.8,11.0,2.9,10.5,7.5,36.8,13.0,9.1,0.9,3.8,1.9,3.8
277,2018-10-05,10.5,1.7,-0.0,2.2,5.7,2.8,2.3,3.2,0.3,1.2,4.6,5.5,5.9,2.7,14.1,9.0,2.3,9.4,6.0,29.3,10.3,7.4,0.7,3.8,1.6,3.5
278,2018-10-06,16.7,3.0,-0.0,3.7,9.2,4.5,3.7,5.7,0.5,1.9,7.7,8.9,9.1,4.3,16.4,14.5,3.7,11.3,9.7,47.5,16.6,11.9,1.1,5.9,2.6,6.3
279,2018-10-07,31.0,3.0,0.0,6.8,17.4,8.6,7.8,5.7,1.1,3.6,14.5,17.8,17.5,8.1,16.9,27.8,7.1,11.0,19.4,50.4,31.5,22.8,2.1,6.1,4.9,6.3
280,2018-10-08,29.0,2.9,-0.0,6.3,16.2,8.2,7.6,5.7,1.1,3.3,13.5,16.9,17.1,7.8,12.6,26.5,6.5,9.1,18.7,45.1,29.9,21.7,2.0,5.2,4.6,6.7
281,2018-10-09,19.9,2.0,0.0,4.4,10.8,5.6,5.3,3.7,0.8,2.2,9.4,11.3,11.3,5.4,9.3,18.3,4.2,5.7,12.9,22.9,20.5,14.9,1.4,3.1,3.1,4.2
282,2018-10-10,26.9,2.3,0.0,5.8,14.3,7.6,7.4,4.2,1.1,3.4,12.5,14.5,15.7,7.2,9.5,24.8,6.6,7.0,17.1,51.2,27.9,20.0,1.9,5.3,4.3,4.5
283,2018-10-11,21.6,1.9,-0.0,4.6,11.4,6.1,6.1,3.5,0.9,2.6,9.8,11.0,12.9,5.8,17.4,19.7,5.1,11.4,13.1,40.2,22.0,15.9,1.5,5.1,3.4,3.9
284,2018-10-12,23.9,2.1,-0.0,5.3,12.8,6.7,6.6,4.0,0.9,2.7,10.9,12.0,15.8,6.4,18.3,21.5,5.1,12.2,13.9,45.4,24.0,17.6,1.6,5.0,3.8,4.3
285,2018-10-13,25.0,2.1,0.0,5.5,13.6,6.9,6.9,4.0,1.0,2.8,11.4,12.5,16.5,6.6,14.6,22.1,5.4,9.2,14.1,39.2,25.1,18.2,1.7,3.9,4.0,4.4
286,2018-10-14,29.0,2.6,0.0,7.3,16.0,8.2,8.5,4.9,1.2,3.4,14.8,14.9,17.2,7.9,15.5,26.3,6.6,11.0,16.5,50.8,29.6,21.6,2.0,6.0,4.7,5.1
287,2018-10-15,28.7,2.6,0.0,6.6,15.6,8.3,8.7,4.8,1.3,3.5,14.1,15.3,17.0,8.1,12.5,26.3,6.7,9.5,17.0,50.3,30.2,21.5,2.0,6.1,4.7,4.2
288,2018-10-16,31.4,2.9,0.0,7.1,17.2,8.9,9.5,5.3,1.6,3.7,14.9,16.7,19.0,9.7,10.0,28.1,7.2,7.3,18.2,37.6,32.4,23.1,2.1,4.7,5.1,4.6
289,2018-10-17,22.0,2.0,0.0,5.4,11.8,6.1,6.8,3.6,1.2,2.5,11.2,11.3,13.0,7.0,9.4,19.0,4.9,6.8,12.4,35.0,22.4,15.8,1.5,4.2,3.5,2.9
290,2018-10-18,30.6,2.8,0.0,6.9,16.3,8.8,9.6,5.0,1.7,3.4,14.8,16.1,20.1,10.2,12.2,27.0,6.7,7.8,17.8,45.8,32.9,22.5,2.2,4.5,5.0,4.0
291,2018-10-19,41.9,3.6,0.0,9.4,22.3,11.8,13.2,6.5,2.4,4.6,19.6,21.7,23.3,13.9,17.3,36.2,9.1,13.4,24.1,57.7,43.2,30.3,2.9,7.3,6.8,5.2
292,2018-10-20,33.3,2.4,0.0,6.7,17.5,9.2,10.3,4.4,1.9,3.7,14.4,16.6,16.9,10.9,13.9,28.0,7.2,9.9,18.7,42.3,33.8,23.5,2.3,5.3,5.3,3.5
293,2018-10-21,35.4,3.0,0.0,7.2,18.6,10.0,11.0,5.5,2.1,4.3,15.4,17.8,19.5,11.8,17.0,29.9,8.5,12.8,20.1,52.6,35.4,25.1,2.4,6.4,5.6,4.4
294,2018-10-22,42.0,3.7,0.0,8.1,22.3,12.0,13.1,6.9,2.4,5.2,17.5,21.2,22.3,14.2,18.4,35.8,10.2,14.2,23.9,54.0,41.8,30.1,2.9,7.0,6.7,5.7
295,2018-10-23,40.8,3.6,0.0,7.9,22.1,11.6,12.3,6.5,2.3,5.0,16.1,20.3,20.3,13.5,17.7,34.6,9.8,13.0,22.5,49.2,37.6,29.3,2.8,6.6,6.5,5.4
296,2018-10-24,29.9,2.7,0.0,5.7,16.4,8.7,8.9,5.0,1.6,3.8,11.9,15.4,14.3,10.0,16.0,26.1,7.4,12.0,17.1,38.0,27.9,21.9,2.1,5.4,4.9,4.4
297,2018-10-25,43.8,4.0,0.0,8.5,24.0,13.0,13.1,7.4,2.3,5.6,17.7,22.9,23.5,14.6,19.6,38.9,11.0,14.5,25.6,61.2,40.5,32.7,3.1,7.1,7.2,7.8
298,2018-10-26,35.1,3.5,-0.0,6.7,19.5,10.6,10.6,6.5,1.9,4.5,13.9,18.8,17.8,11.6,17.8,31.7,8.8,13.4,20.7,47.2,33.2,26.6,2.5,6.4,5.8,7.1
299,2018-10-27,45.4,4.5,-0.0,8.9,25.6,13.7,13.6,8.4,2.4,5.8,18.9,24.3,23.2,14.9,18.1,41.5,11.3,14.5,26.8,57.6,42.3,34.6,3.2,7.3,7.4,9.3
300,2018-10-28,35.9,3.9,-0.0,7.0,20.2,11.2,11.0,7.3,2.0,4.8,15.7,19.3,19.5,12.3,13.8,34.3,9.3,11.6,22.1,47.0,36.2,28.4,2.6,5.6,6.0,8.2
301,2018-10-29,43.9,4.4,-0.0,8.5,23.8,13.4,13.0,8.3,2.3,5.7,18.3,22.9,23.9,14.4,22.0,41.5,11.1,16.2,26.3,61.9,42.6,34.2,3.1,7.6,7.2,9.3
302,2018-10-30,47.0,4.5,0.0,9.6,25.4,13.8,13.1,8.4,2.1,5.9,20.3,21.0,26.2,13.8,21.9,43.2,11.5,15.7,23.8,65.9,45.5,35.4,3.2,7.5,7.4,9.0
303,2018-10-31,43.6,4.2,-0.0,9.7,23.4,12.9,12.5,7.8,1.8,5.5,20.7,19.9,24.4,12.1,23.1,40.4,10.8,17.1,22.8,62.0,44.5,33.0,3.0,7.7,7.0,8.6
304,2018-11-01,44.7,4.0,0.0,10.0,24.2,13.3,12.8,7.4,1.9,5.6,21.2,21.1,26.1,12.6,17.6,41.4,11.1,13.7,23.3,63.9,46.0,34.1,3.2,7.6,7.2,7.7
305,2018-11-02,36.0,2.9,-0.0,8.0,19.5,10.4,10.1,5.3,1.5,4.3,17.0,17.1,22.3,9.8,20.3,32.2,8.4,15.5,18.4,53.4,36.4,26.5,2.5,6.8,5.6,5.6
306,2018-11-03,42.0,3.9,-0.0,9.8,22.5,12.2,11.8,7.2,1.8,4.8,20.5,19.7,24.9,11.8,14.9,37.6,9.4,11.9,21.1,57.7,43.1,31.1,2.9,6.8,6.4,7.6
307,2018-11-04,39.4,3.7,-0.0,9.4,21.1,11.2,11.0,6.7,1.8,4.4,19.7,18.3,22.9,11.4,18.4,34.8,8.6,14.6,19.5,60.8,40.7,28.8,2.7,7.3,5.9,6.5
308,2018-11-05,23.3,2.1,0.0,5.0,12.4,6.6,6.4,3.8,1.1,2.7,10.7,10.7,13.2,7.0,9.7,20.4,5.2,8.2,11.5,37.6,24.2,16.9,1.6,4.7,3.5,3.4
309,2018-11-06,28.7,2.6,0.0,6.0,15.1,8.1,8.1,4.7,1.4,3.3,12.8,13.3,16.5,8.6,12.2,25.0,6.5,9.7,14.3,44.0,29.2,20.8,1.9,5.2,4.3,3.8
310,2018-11-07,14.0,1.6,0.0,2.9,7.3,4.0,4.1,2.9,0.7,1.6,6.2,6.4,8.3,4.4,13.3,12.1,3.2,10.0,7.0,28.7,14.2,10.1,1.0,3.7,2.2,2.3
311,2018-11-08,47.6,4.0,0.0,10.3,25.2,13.4,13.8,6.9,2.5,5.4,21.4,22.3,27.6,15.2,18.0,40.7,10.5,14.3,23.8,67.8,47.8,34.0,3.2,7.8,7.3,5.3
312,2018-11-09,34.9,2.8,0.0,7.7,18.8,9.9,10.3,5.0,1.9,3.9,16.1,16.4,20.0,11.3,16.1,28.7,7.7,13.1,17.6,52.5,35.2,24.0,2.3,6.7,5.4,3.9
313,2018-11-10,46.5,3.9,0.0,10.5,25.1,13.5,13.9,6.9,2.6,5.4,22.2,22.0,26.1,15.5,20.8,38.6,10.5,16.7,23.6,65.7,47.8,32.5,3.1,8.3,7.2,5.6
314,2018-11-11,53.8,4.5,0.0,12.0,29.6,15.3,15.5,8.0,2.9,6.1,25.6,25.7,28.4,17.5,22.7,43.5,11.8,18.1,26.6,69.4,54.4,37.0,3.5,8.8,8.1,6.5
315,2018-11-12,49.7,4.1,0.0,10.4,26.8,14.0,14.0,7.4,2.6,5.5,22.6,23.1,24.7,16.0,16.1,40.1,10.6,12.9,24.3,57.9,50.2,34.2,3.2,7.4,7.3,5.9
316,2018-11-13,39.6,3.2,0.0,8.1,21.1,11.3,11.3,5.7,2.1,4.2,17.8,22.2,16.8,12.9,12.2,32.6,8.3,10.1,23.7,36.6,40.4,27.7,2.6,5.1,5.8,4.6
317,2018-11-14,31.9,2.6,0.0,6.2,17.0,9.1,9.0,4.6,1.7,3.4,13.7,15.5,12.7,10.4,18.8,26.1,6.6,14.3,16.5,36.3,32.2,22.1,2.1,6.3,4.6,3.6
318,2018-11-15,37.6,2.7,0.0,6.9,19.9,10.7,10.4,4.6,2.0,3.8,14.9,17.2,17.0,12.1,20.6,30.4,7.4,15.1,19.0,43.7,35.8,25.8,2.4,6.4,5.4,3.5
319,2018-11-16,41.2,3.4,-0.0,7.7,22.0,11.8,11.3,5.7,2.1,4.0,16.3,18.9,20.4,13.3,23.3,33.2,7.7,17.5,21.1,60.3,38.2,28.1,2.7,8.1,6.0,4.4
320,2018-11-17,33.0,2.7,-0.0,6.5,17.8,9.8,9.3,4.6,1.7,3.3,13.7,15.6,17.2,10.8,20.5,27.2,6.3,15.4,17.2,49.0,31.5,23.2,2.2,6.6,4.9,3.6
321,2018-11-18,42.7,3.7,-0.0,8.9,22.6,12.9,12.1,6.2,2.2,4.3,18.4,19.6,19.8,13.8,22.7,35.7,8.3,17.8,22.4,52.5,41.1,30.5,2.9,8.0,6.4,4.8
322,2018-11-19,46.0,4.0,-0.0,9.6,24.7,14.0,12.9,6.9,2.2,4.7,20.5,21.0,19.1,14.3,22.6,38.3,9.0,17.5,23.7,50.0,45.3,32.9,3.2,8.4,6.8,5.5
323,2018-11-20,45.5,3.9,-0.0,8.7,24.3,13.8,12.7,7.4,2.0,4.6,19.2,21.1,18.3,13.4,17.6,37.9,8.9,13.5,23.7,46.6,44.4,32.7,3.1,7.9,6.7,6.4
324,2018-11-21,33.9,3.1,-0.0,6.3,17.9,10.2,9.3,5.6,1.5,3.4,13.6,15.6,12.7,9.9,15.9,29.8,6.6,14.0,17.4,34.8,32.2,25.8,2.3,6.0,4.9,5.0
325,2018-11-22,27.3,2.5,-0.0,4.8,14.4,8.2,7.4,4.6,1.2,2.7,10.8,12.6,9.4,7.9,12.3,24.1,5.4,10.1,13.8,23.3,25.9,20.8,1.9,4.5,3.9,3.7
326,2018-11-23,24.4,2.2,-0.0,3.3,13.1,7.3,6.5,4.0,1.0,2.5,8.2,11.9,7.8,7.0,13.2,22.1,4.8,10.1,12.9,20.3,23.0,18.6,1.7,3.9,3.4,3.3
327,2018-11-24,20.9,2.2,-0.0,2.6,11.4,6.4,5.5,3.9,0.9,2.2,7.0,9.9,6.9,6.2,12.9,19.5,4.2,11.3,10.8,17.3,19.3,16.3,1.5,3.4,2.8,3.2
328,2018-11-25,40.8,4.0,-0.0,5.1,22.1,12.8,10.9,7.2,1.9,4.4,14.0,19.5,16.1,12.6,21.4,39.0,8.5,17.5,22.1,44.6,38.4,32.7,3.1,6.6,5.5,5.8
329,2018-11-26,37.7,3.8,-0.0,5.2,20.8,11.9,9.9,7.1,1.7,4.1,12.9,18.4,20.1,11.6,19.6,36.3,7.9,17.2,20.6,56.6,35.2,30.4,2.8,7.1,5.1,7.5
330,2018-11-27,28.2,3.0,-0.0,4.1,16.2,9.0,7.4,5.5,1.3,3.2,9.7,14.5,16.3,8.6,10.9,27.8,6.0,10.2,15.8,41.4,26.4,23.2,2.1,4.9,3.9,4.9
331,2018-11-28,20.6,2.2,-0.0,4.4,11.5,6.6,5.4,4.0,0.9,2.3,9.0,10.0,12.4,6.3,20.1,20.3,4.3,15.6,11.4,39.9,19.3,16.9,1.5,5.2,2.8,3.3
332,2018-11-29,41.9,4.2,-0.0,9.7,23.3,13.6,11.1,7.5,1.9,4.9,19.9,20.3,25.4,12.9,20.6,42.0,9.3,16.6,23.5,67.3,40.7,34.9,3.1,8.7,5.8,5.9
333,2018-11-30,51.6,5.1,0.0,11.4,28.9,16.9,13.5,9.3,2.3,6.3,24.1,25.3,33.6,16.0,23.8,51.5,12.2,19.7,29.3,87.3,51.9,43.1,3.9,10.1,7.2,7.4
334,2018-12-01,47.9,4.8,0.0,10.5,27.9,15.4,12.2,8.9,2.1,5.5,21.0,23.3,29.5,14.5,19.7,46.5,10.6,16.8,25.1,73.7,45.2,39.1,3.6,9.0,6.6,7.4
335,2018-12-02,42.2,4.1,-0.0,9.2,23.3,13.4,10.7,7.4,1.8,4.6,18.3,19.3,25.0,12.7,18.0,40.5,8.9,14.8,21.6,62.0,39.7,34.3,3.1,7.7,5.9,6.1
336,2018-12-03,44.7,4.5,-0.0,9.4,24.4,14.0,11.2,8.4,1.9,4.8,19.1,20.1,25.1,13.3,17.8,42.6,9.3,13.5,22.5,59.5,42.3,36.0,3.3,7.6,6.3,8.1
337,2018-12-04,43.6,4.6,0.0,8.5,24.2,13.8,11.0,8.6,1.8,4.8,17.6,19.9,20.3,13.1,21.7,42.2,9.1,18.0,22.0,52.8,40.6,35.5,3.2,8.5,6.3,9.6
338,2018-12-05,38.5,4.0,0.0,6.2,21.3,12.5,9.7,7.7,1.6,4.3,13.8,17.7,16.6,11.9,21.5,38.5,8.3,17.5,19.8,46.5,36.1,32.3,2.9,8.1,5.8,9.2
339,2018-12-06,46.4,5.6,0.0,7.5,25.5,15.5,13.1,10.6,2.0,5.4,17.1,21.8,22.1,14.6,22.5,48.8,10.3,19.5,24.6,59.5,45.1,40.6,3.6,9.0,7.8,12.4
340,2018-12-07,52.7,6.0,0.0,8.2,28.6,17.0,14.9,11.3,2.2,5.9,18.6,23.2,23.3,15.9,21.5,54.5,11.4,18.4,26.8,60.9,49.2,45.3,4.0,9.0,8.7,13.3
341,2018-12-08,44.3,5.2,-0.0,7.0,24.4,14.4,12.9,9.9,1.9,5.0,15.9,20.0,25.4,13.6,16.8,46.5,9.6,13.4,22.5,58.8,42.0,38.3,3.4,6.8,7.3,11.5
342,2018-12-09,39.7,4.7,-0.0,8.3,21.8,13.0,11.8,8.8,1.8,4.6,17.1,18.1,24.5,12.4,19.8,42.4,8.8,17.3,20.4,64.4,37.9,34.4,3.1,8.3,6.4,10.3
343,2018-12-10,37.2,4.5,-0.0,7.8,20.4,12.2,11.2,8.4,1.7,4.3,16.1,16.8,24.6,11.6,19.9,39.6,8.2,17.1,19.0,69.0,36.1,32.1,2.9,7.9,6.0,9.6
344,2018-12-11,39.1,4.3,-0.0,9.0,21.3,12.4,10.5,7.7,1.7,4.3,17.8,17.2,25.6,11.8,20.2,40.4,8.4,17.3,19.4,67.0,36.7,32.5,3.0,7.7,5.7,8.0
345,2018-12-12,46.3,5.0,-0.0,11.2,25.6,14.7,12.5,9.1,2.1,5.2,23.1,20.1,30.7,14.1,15.3,47.6,10.1,14.7,21.9,77.6,47.4,38.4,3.6,8.3,6.7,7.9
346,2018-12-13,21.1,2.2,-0.0,5.0,11.4,6.7,6.0,3.9,0.9,2.4,10.6,9.4,15.7,6.4,11.6,21.3,4.6,10.4,10.5,41.3,22.4,17.4,1.6,4.7,3.2,3.1
347,2018-12-14,38.9,3.6,0.0,9.3,20.7,12.1,11.6,6.7,1.8,4.5,19.2,16.9,32.4,12.0,13.2,37.9,8.8,12.9,19.2,106.2,40.4,31.3,3.0,9.2,6.0,4.8
348,2018-12-15,35.8,3.2,0.0,9.1,18.0,10.6,9.8,5.7,1.6,4.0,18.0,14.5,25.6,10.5,15.8,33.0,7.9,13.7,16.5,68.7,37.4,27.7,2.7,7.8,5.2,4.2
349,2018-12-16,34.5,3.0,0.0,8.4,18.0,10.0,9.3,5.1,1.5,3.8,17.4,14.4,20.6,9.8,13.0,31.6,7.5,10.3,15.4,46.8,36.3,25.8,2.5,5.5,4.9,3.9
350,2018-12-17,52.4,4.5,0.0,11.3,26.7,15.3,14.0,7.7,2.3,5.9,24.2,21.2,29.5,15.3,19.6,45.6,11.7,17.1,23.4,75.4,54.8,37.7,3.8,9.5,7.5,5.9
351,2018-12-18,43.3,3.6,0.0,8.5,21.4,12.5,11.4,7.0,1.8,4.8,18.0,16.8,26.9,12.2,19.3,36.1,9.5,16.7,19.1,73.1,43.4,30.4,3.1,8.3,6.1,6.5
352,2018-12-19,24.6,2.3,0.0,4.9,12.5,7.2,6.6,4.4,1.0,2.7,9.7,10.3,13.5,7.0,21.1,21.8,5.2,16.0,11.0,39.4,23.7,18.6,1.8,7.2,3.5,5.0
353,2018-12-20,54.7,5.5,0.0,11.3,28.3,16.3,14.6,10.4,2.3,5.9,23.4,23.2,24.1,15.7,22.0,49.2,11.3,19.1,24.5,63.2,53.4,42.1,4.0,10.4,7.9,12.2
354,2018-12-21,32.7,3.3,0.0,5.8,17.2,9.9,8.7,6.2,1.3,4.1,12.7,13.9,12.5,9.4,14.0,31.1,8.2,12.8,14.9,31.9,31.6,26.7,2.4,5.8,4.7,7.2
355,2018-12-22,36.2,3.9,0.0,5.6,19.8,11.6,9.5,7.4,1.5,5.1,13.2,16.3,13.9,11.0,18.8,37.1,10.2,16.3,17.5,36.3,35.2,30.3,2.8,6.7,5.4,8.6
356,2018-12-23,47.6,5.4,0.0,7.3,25.7,14.9,12.2,10.1,1.9,6.6,17.0,20.9,25.9,14.2,21.3,48.1,13.1,19.1,22.5,72.9,46.3,39.0,3.6,8.6,7.1,11.6
357,2018-12-24,53.7,6.1,0.0,8.3,29.3,16.9,14.9,11.5,2.3,6.9,19.0,23.6,31.3,16.0,22.4,54.7,13.6,20.1,25.4,83.2,51.5,44.6,4.1,9.6,8.3,13.5
358,2018-12-25,54.5,6.3,0.0,11.6,30.3,17.5,15.6,11.8,2.4,6.3,23.4,24.6,34.2,16.6,23.9,56.7,12.3,21.3,26.5,87.0,51.6,46.4,4.3,10.1,8.8,13.8
359,2018-12-26,54.6,6.1,0.0,12.4,30.9,17.7,16.0,11.5,2.4,6.3,25.3,25.7,36.3,16.8,25.7,57.3,12.4,21.8,27.2,95.2,53.8,47.0,4.3,10.5,9.0,13.4
360,2018-12-27,54.7,5.8,0.0,13.1,30.6,17.7,16.2,11.1,2.4,6.3,27.7,25.1,36.4,16.8,21.3,57.5,12.2,19.2,27.2,89.4,57.4,47.0,4.3,10.3,9.1,12.9
361,2018-12-28,49.5,5.0,-0.0,12.1,27.8,16.2,14.9,9.6,2.2,5.8,25.7,23.2,35.1,15.4,20.4,52.7,11.2,18.2,24.9,89.8,53.2,43.0,3.9,10.2,8.3,11.2
362,2018-12-29,53.0,5.2,-0.0,12.6,28.2,16.4,14.7,9.8,2.2,5.8,26.4,23.5,34.9,15.6,15.0,53.4,11.3,13.1,25.3,84.0,56.0,44.2,3.9,8.9,8.3,11.5
363,2018-12-30,36.4,3.5,-0.0,8.5,18.3,10.9,9.6,6.6,1.4,3.9,17.9,15.1,23.0,10.4,14.9,35.6,7.5,13.3,16.9,45.2,38.7,29.5,2.7,6.1,5.4,7.7
364,2018-12-31,45.6,4.6,0.0,10.3,22.9,13.5,12.3,8.6,1.9,4.8,21.9,18.2,29.2,12.9,20.8,44.2,9.4,18.1,20.3,77.6,48.1,36.6,3.3,8.5,6.7,10.1
365,2019-01-01,55.5,5.8,0.0,12.6,28.3,16.4,14.8,10.9,2.3,5.9,26.4,22.5,34.4,15.6,24.2,53.6,11.5,20.7,24.5,90.4,58.2,44.3,4.0,10.5,8.1,12.7
366,2019-01-02,53.7,5.6,0.0,12.0,27.4,15.7,14.3,10.4,2.2,5.6,25.3,21.8,35.2,14.9,23.3,51.6,11.0,20.2,23.5,100.4,56.1,42.5,3.9,10.6,7.8,11.7
367,2019-01-03,50.0,5.3,0.0,11.2,25.5,15.1,13.8,9.8,2.1,5.4,23.4,20.9,35.0,14.3,23.5,49.3,10.5,20.0,22.4,97.4,53.0,40.7,3.7,10.2,7.5,10.6
368,2019-01-04,69.4,6.7,-0.0,16.1,35.2,20.5,19.0,12.5,2.9,7.3,32.8,28.0,47.2,19.7,25.2,66.6,14.3,22.7,30.4,124.0,71.1,56.1,5.1,12.7,10.4,13.7
369,2019-01-05,42.9,4.2,-0.0,10.0,21.8,12.9,11.4,7.7,1.7,4.5,20.9,17.5,29.0,12.3,16.9,41.3,9.0,14.3,19.1,72.6,45.5,35.8,3.2,8.0,6.5,7.3
370,2019-01-06,45.8,4.4,0.0,10.8,23.6,13.7,12.2,8.4,1.8,4.9,22.4,18.8,30.8,13.1,20.5,43.9,9.6,18.3,20.3,77.1,48.1,38.2,3.5,8.5,6.9,9.4
371,2019-01-07,37.2,3.5,0.0,8.9,19.0,11.1,10.1,6.5,1.5,3.9,18.5,15.1,22.5,10.6,19.4,35.7,7.8,17.9,16.4,69.5,39.3,31.1,2.8,8.7,5.6,7.1
372,2019-01-08,46.8,4.8,0.0,10.6,23.7,14.0,12.8,9.0,1.9,4.9,22.7,19.0,29.9,13.3,19.4,45.6,9.7,17.2,20.6,71.1,49.9,38.5,3.5,7.9,7.1,9.9
373,2019-01-09,51.5,5.1,0.0,11.7,26.1,15.3,14.2,9.3,2.1,5.3,24.5,20.8,33.8,14.5,19.7,50.0,10.6,18.7,22.6,90.1,54.0,41.3,3.9,9.8,7.9,9.3
374,2019-01-10,34.9,3.4,0.0,7.5,17.6,10.3,9.6,6.3,1.4,3.6,15.9,14.0,24.5,9.7,16.1,33.4,7.0,13.7,15.2,68.1,36.6,27.6,2.5,6.9,5.3,6.9
375,2019-01-11,45.1,4.2,0.0,10.0,22.6,13.3,12.4,7.7,1.8,4.7,20.1,17.8,31.0,12.7,21.5,42.6,9.1,19.5,19.6,96.3,45.1,35.8,3.3,10.2,6.9,7.9
376,2019-01-12,60.7,6.0,0.0,14.1,31.6,17.9,16.2,11.3,2.4,6.3,28.4,25.2,41.9,17.0,23.7,57.0,12.2,20.9,26.3,110.2,61.0,48.0,4.3,11.4,9.4,12.7
377,2019-01-13,56.1,5.4,0.0,13.5,29.4,16.6,15.5,10.2,2.3,6.2,27.6,23.4,34.5,15.8,21.3,52.9,12.1,19.1,24.5,94.8,57.9,44.8,4.0,11.3,8.7,11.4
378,2019-01-14,63.3,6.5,0.0,15.2,33.7,19.4,18.3,12.2,2.7,7.2,32.0,30.7,38.2,18.5,24.6,62.9,14.3,22.4,32.6,98.5,67.6,53.5,4.8,12.2,10.2,13.5
379,2019-01-15,59.0,5.8,0.0,12.9,30.4,18.1,17.2,10.8,2.5,6.6,27.8,27.0,36.7,17.3,20.8,58.9,13.1,17.6,29.8,89.6,62.6,49.0,4.5,9.9,9.5,12.1
380,2019-01-16,63.7,6.1,0.0,13.4,32.2,19.0,17.9,11.6,2.7,6.8,27.3,27.9,36.4,18.2,21.1,62.1,13.4,18.7,31.0,88.0,62.4,51.3,4.7,10.5,9.9,12.9
381,2019-01-17,58.1,5.4,0.0,11.8,29.2,17.3,16.2,10.2,2.4,7.3,25.1,25.3,34.7,16.6,20.3,56.4,14.6,16.4,28.5,88.2,58.5,46.5,4.3,9.3,,11.4
382,2019-01-18,59.8,5.7,-0.0,12.8,30.5,18.1,16.4,10.7,2.4,6.5,26.3,24.8,41.2,17.2,20.8,58.7,12.7,18.5,28.1,103.2,59.2,48.8,4.5,10.4,,11.8
383,2019-01-19,47.4,5.1,0.0,11.3,24.8,14.6,13.3,9.5,2.0,5.2,22.5,19.7,34.3,13.9,21.9,47.2,10.1,19.2,22.5,101.7,46.9,39.4,3.6,10.3,7.5,10.3
384,2019-01-20,45.3,4.6,0.0,11.3,23.7,14.0,12.7,8.6,1.9,5.2,23.0,18.7,30.3,13.3,21.2,44.9,10.1,17.7,21.3,82.5,47.1,37.6,3.4,8.8,7.0,9.4
385,2019-01-21,56.9,6.1,0.0,14.2,30.6,17.9,16.5,11.4,2.5,6.8,29.6,24.4,37.0,17.0,23.5,57.5,13.4,20.5,27.1,102.3,60.7,49.2,4.4,11.3,9.1,12.5
386,2019-01-22,61.3,6.2,-0.0,14.9,32.3,19.2,17.7,11.3,2.6,7.5,31.4,25.7,41.9,18.3,23.4,61.4,14.9,21.0,28.9,110.4,65.4,53.7,4.8,11.9,9.8,10.7
387,2019-01-23,59.6,5.8,-0.0,13.7,30.3,17.9,16.5,10.7,2.5,6.9,28.7,24.0,37.4,17.1,24.6,57.1,13.9,22.1,26.6,101.9,62.2,50.0,4.6,11.8,9.1,11.2
388,2019-01-24,55.8,5.4,-0.0,12.8,28.2,16.6,15.2,9.9,2.3,6.3,26.6,22.6,32.6,15.8,24.9,53.2,12.7,22.3,24.7,91.4,57.9,46.5,4.3,11.4,8.3,10.3
389,2019-01-25,63.1,6.1,0.0,13.2,32.4,18.8,17.1,11.1,2.6,7.0,28.6,26.5,36.2,17.9,24.2,60.7,14.2,22.2,28.3,96.1,65.9,52.6,4.8,11.2,9.3,9.1
390,2019-01-26,55.9,5.2,0.0,11.7,29.5,17.0,15.0,9.5,2.3,6.1,23.9,25.8,32.3,16.2,20.1,55.0,12.4,18.1,26.7,82.6,55.2,47.7,4.3,9.9,8.4,7.9
391,2019-01-27,40.1,3.6,0.0,8.4,21.2,12.2,10.6,6.5,1.6,4.3,16.9,19.1,24.9,11.6,8.7,39.2,8.6,8.3,19.8,55.5,38.9,34.3,3.1,5.1,6.0,5.4
392,2019-01-28,26.9,2.6,0.0,6.0,14.2,8.3,7.3,4.8,1.1,2.9,11.7,12.7,17.3,7.9,15.4,26.5,5.8,13.4,13.5,45.5,25.9,23.3,2.1,4.9,4.2,4.2
393,2019-01-29,46.9,4.9,0.0,11.7,25.1,15.1,13.7,8.9,2.1,5.4,22.9,21.7,34.5,14.3,20.6,48.2,10.6,17.5,24.2,84.4,46.5,42.3,3.8,8.6,7.7,7.7
394,2019-01-30,41.4,4.3,0.0,10.9,22.9,13.5,12.6,7.8,1.9,5.1,22.5,20.2,31.8,12.9,20.6,43.4,10.1,17.5,22.5,85.3,44.6,38.0,3.4,9.1,7.1,6.4
395,2019-01-31,49.0,4.8,-0.0,13.4,27.5,16.2,15.5,8.6,2.3,6.2,27.9,24.1,38.3,15.4,20.0,51.8,12.3,17.2,26.8,96.8,53.8,44.7,4.0,9.7,8.4,6.8
396,2019-02-01,24.3,2.3,-0.0,6.9,13.3,7.6,7.2,4.1,1.1,3.0,14.2,13.3,15.8,7.3,20.1,24.3,5.9,15.9,14.6,52.2,26.7,20.9,1.9,6.9,3.9,3.3
397,2019-02-02,41.6,3.7,-0.0,9.5,21.3,12.4,11.9,6.6,1.8,4.8,20.6,20.7,25.3,12.0,22.4,39.3,9.4,19.1,22.8,74.3,45.7,34.1,3.1,9.2,6.4,5.3
398,2019-02-03,53.1,4.8,-0.0,12.4,26.3,15.6,15.2,8.6,2.4,5.8,26.0,22.3,32.4,15.7,23.6,49.0,11.4,19.5,25.3,86.9,56.9,42.9,3.8,9.9,8.1,6.9
399,2019-02-04,30.7,2.7,-0.0,6.6,15.3,8.7,8.5,4.9,1.5,3.2,14.1,12.8,17.6,9.3,24.5,27.1,6.3,17.3,15.0,44.4,32.0,23.9,2.1,6.6,4.5,3.9
400,2019-02-05,30.1,2.3,-0.0,6.5,15.1,8.5,8.4,4.2,1.5,3.0,13.8,12.5,16.2,9.5,20.4,26.4,5.9,14.1,14.7,44.1,30.8,23.3,2.1,6.4,4.4,3.5
401,2019-02-06,42.7,3.8,-0.0,8.9,22.8,12.0,11.9,6.8,2.2,4.3,19.2,19.1,23.3,13.7,16.3,37.4,8.3,12.9,20.5,64.1,43.0,33.0,2.9,7.4,6.3,5.5
402,2019-02-07,40.4,3.5,-0.0,8.3,22.0,11.4,11.3,6.3,2.1,4.0,17.5,18.7,20.9,12.9,19.5,35.7,7.8,15.7,18.7,53.3,39.9,30.9,2.7,7.1,5.9,5.0
403,2019-02-08,41.1,3.3,0.0,8.1,22.6,11.7,11.5,5.7,2.1,4.1,17.5,19.1,21.5,13.1,19.3,36.4,7.9,15.8,19.1,54.5,40.9,30.8,2.8,6.7,6.0,4.5
404,2019-02-09,41.7,3.5,0.0,9.0,23.1,12.2,11.9,6.0,2.1,4.2,18.3,20.5,24.5,13.3,18.0,37.8,8.3,14.6,20.2,60.2,40.1,31.4,2.9,6.6,6.3,4.7
405,2019-02-10,47.9,4.0,0.0,10.0,26.3,14.0,13.5,7.0,2.3,4.8,21.5,24.5,29.1,14.7,17.0,41.1,9.4,15.5,24.9,74.5,48.5,34.8,3.4,8.3,7.2,5.5
406,2019-02-11,49.1,4.1,0.0,11.8,27.1,14.4,14.0,7.2,2.4,5.0,24.4,25.4,31.0,15.2,19.6,41.6,9.7,17.4,25.8,77.3,49.9,36.2,3.5,8.8,7.4,5.7
407,2019-02-12,39.8,3.4,0.0,10.5,21.9,11.8,11.5,6.0,2.0,4.0,21.7,20.5,24.6,12.5,12.2,33.6,7.9,10.6,21.4,59.4,41.8,29.0,2.8,6.7,6.1,4.9
408,2019-02-13,39.0,3.4,-0.0,10.0,20.9,11.5,11.2,6.1,1.9,4.0,21.1,19.3,20.3,12.2,15.9,33.2,7.7,13.0,21.1,49.4,41.8,29.5,2.7,6.8,6.0,4.9
409,2019-02-14,48.0,4.3,0.0,10.0,24.9,14.0,13.5,7.5,2.2,4.8,22.5,22.7,17.7,14.4,19.5,40.4,9.3,16.1,25.5,42.4,50.9,36.2,3.3,7.9,7.3,5.9
410,2019-02-15,49.1,3.9,0.0,7.4,25.0,14.0,13.6,7.0,2.1,4.7,17.7,23.9,18.5,14.0,19.2,41.6,9.3,15.5,27.1,44.3,49.4,37.1,3.3,7.3,7.3,5.6
411,2019-02-16,43.1,3.6,0.0,6.2,22.2,12.2,11.9,6.4,1.8,4.1,13.8,21.3,19.8,11.9,19.7,36.7,8.1,15.0,23.9,52.4,39.1,32.4,2.9,6.8,6.3,5.2
412,2019-02-17,49.9,4.1,0.0,8.5,26.2,14.2,13.9,7.5,2.2,4.8,17.7,25.0,18.0,14.2,19.9,42.7,9.4,15.7,27.9,43.8,44.4,37.7,3.3,7.6,7.4,6.1
413,2019-02-18,44.8,3.7,0.0,7.5,24.6,13.0,12.9,6.7,2.1,4.4,16.4,23.5,16.5,13.5,14.6,39.5,8.6,11.3,26.0,38.2,40.1,34.9,3.1,6.3,6.8,5.4
414,2019-02-19,33.2,3.1,0.0,5.7,19.5,10.4,10.2,5.6,1.7,3.5,12.7,19.3,14.4,10.8,14.5,31.5,6.9,10.8,21.8,34.9,29.7,27.8,2.4,5.1,5.4,4.6
415,2019-02-20,35.2,3.6,0.0,6.3,21.2,11.5,11.1,6.5,1.8,3.9,13.9,21.7,17.1,11.9,20.4,35.0,7.6,15.4,24.3,44.5,32.2,30.8,2.7,6.4,5.9,5.3
416,2019-02-21,39.2,3.8,-0.0,7.4,23.2,13.0,12.5,6.8,2.0,4.4,15.9,24.4,19.8,13.0,22.7,39.8,8.6,16.7,28.1,50.8,36.4,35.0,3.0,7.4,6.7,5.4
417,2019-02-22,38.2,3.8,0.0,7.3,21.8,12.8,12.2,6.7,1.9,4.4,15.6,22.5,22.6,12.5,21.6,39.1,8.4,15.4,27.4,60.2,36.0,34.3,2.9,7.4,6.5,5.4
418,2019-02-23,38.8,3.9,0.0,7.9,21.6,13.2,12.5,6.9,1.9,4.5,16.5,21.8,24.1,12.8,23.0,40.4,8.8,16.2,27.8,64.0,36.9,35.5,3.1,7.8,6.7,5.6
419,2019-02-24,32.7,3.4,-0.0,7.5,18.2,11.3,10.4,6.2,1.5,3.9,15.2,17.1,20.6,10.6,23.6,34.2,7.5,16.4,22.3,57.8,31.3,30.1,2.7,7.5,5.6,5.0
420,2019-02-25,38.0,4.0,-0.0,9.0,21.0,13.2,11.7,7.2,1.7,4.6,18.5,18.1,23.6,12.5,21.9,40.2,8.9,15.4,23.8,60.2,38.2,35.4,3.1,7.5,6.5,5.8
421,2019-02-26,35.4,3.8,-0.0,8.3,19.4,12.3,10.1,6.9,1.5,4.3,17.3,15.7,21.8,11.6,20.6,37.5,8.4,14.6,20.5,55.5,36.2,32.5,2.9,7.1,6.0,5.7
422,2019-02-27,30.3,3.3,-0.0,6.8,16.5,10.3,7.8,5.8,1.1,3.7,14.1,13.0,18.9,9.6,20.4,31.6,7.1,14.6,16.6,52.3,30.3,26.5,2.4,6.4,4.9,4.7
423,2019-02-28,36.9,3.6,-0.0,7.9,19.6,12.3,8.9,6.5,1.2,4.3,16.0,15.6,20.4,11.3,18.9,37.6,8.3,14.8,19.4,51.9,35.9,31.4,2.9,7.3,5.7,5.3
424,2019-03-01,38.0,3.8,-0.0,8.3,20.1,12.7,9.0,7.0,1.3,4.4,17.1,17.4,19.1,11.6,19.7,38.2,8.5,15.8,20.7,49.2,37.3,32.0,3.0,7.1,5.9,6.1
425,2019-03-02,36.9,4.0,-0.0,7.7,19.7,12.4,8.0,7.3,1.2,4.3,16.3,17.0,21.2,11.3,19.0,37.8,8.4,16.2,19.8,57.8,36.2,32.1,2.9,7.4,5.5,6.2
426,2019-03-03,42.4,4.5,-0.0,8.8,22.9,14.3,9.5,8.4,1.4,5.0,18.4,19.5,25.7,12.9,16.7,43.8,9.6,15.4,22.7,63.4,41.3,37.1,3.4,7.7,6.5,8.1
427,2019-03-04,34.8,3.8,-0.0,7.2,18.7,11.6,8.2,6.9,1.1,4.1,14.9,16.0,18.2,10.5,14.6,36.1,7.8,13.3,18.7,45.0,33.9,30.4,2.8,6.7,5.6,6.6
428,2019-03-05,33.2,3.2,0.0,6.5,18.0,10.1,7.2,5.9,1.0,3.6,13.5,13.9,13.9,9.1,16.2,31.5,6.9,13.6,16.2,36.5,29.4,26.5,2.4,6.1,4.9,5.6
429,2019-03-06,22.1,2.4,0.0,4.1,11.9,7.4,5.3,4.3,0.7,2.7,9.1,10.3,13.4,6.7,11.6,23.5,5.2,9.3,12.0,35.2,22.0,20.4,1.8,4.2,3.6,3.4
430,2019-03-07,32.3,3.3,0.0,6.3,17.5,10.4,7.4,5.9,1.0,3.7,13.2,15.1,19.5,9.4,14.1,32.3,7.2,11.9,17.5,49.9,30.3,27.9,2.6,6.2,5.1,4.7
431,2019-03-08,29.0,3.0,-0.0,5.9,15.7,9.2,6.7,5.3,0.9,3.4,12.0,14.2,17.2,8.3,11.6,29.2,6.5,9.2,16.5,47.5,27.4,25.2,2.3,5.8,4.6,4.2
432,2019-03-09,31.7,3.1,-0.0,7.2,17.1,10.3,7.5,5.5,0.9,3.7,14.5,15.8,19.3,9.2,15.4,32.3,7.3,11.9,18.4,49.7,30.6,28.1,2.6,6.3,5.0,4.4
433,2019-03-10,27.6,2.8,-0.0,6.3,15.0,8.9,6.6,4.9,0.8,3.3,12.9,13.8,16.7,8.1,9.7,27.9,6.5,8.0,16.4,41.0,27.1,24.2,2.3,4.9,4.3,3.9
434,2019-03-11,30.5,3.0,-0.0,6.9,16.6,9.7,6.6,5.4,1.0,3.6,14.3,14.7,14.3,8.9,13.4,30.4,7.0,9.6,18.1,32.3,29.8,26.2,2.5,5.4,4.4,4.3
435,2019-03-12,28.0,2.7,-0.0,5.5,15.2,8.9,6.1,4.8,0.9,3.3,12.0,13.4,12.9,8.3,11.8,27.7,6.5,8.6,16.4,29.8,27.2,24.0,2.3,4.8,4.1,3.8
436,2019-03-13,22.6,2.1,-0.0,4.4,12.2,7.2,5.0,3.8,0.7,2.7,9.5,10.9,12.2,6.8,12.0,22.4,5.3,9.1,13.3,33.2,21.8,19.3,1.8,4.7,3.4,3.1
437,2019-03-14,24.7,2.5,-0.0,4.8,13.4,7.8,5.4,4.6,0.8,2.9,10.1,11.7,12.9,7.4,13.9,24.2,5.7,9.5,14.1,25.2,23.7,20.6,2.0,3.8,3.7,3.8
438,2019-03-15,27.3,2.8,0.0,4.9,14.4,8.6,6.5,5.1,0.9,3.2,10.7,12.2,11.9,8.2,13.4,27.6,6.2,10.3,15.5,30.0,26.1,23.6,2.2,5.2,4.3,4.1
439,2019-03-16,33.1,3.1,0.0,6.3,17.5,10.4,8.0,5.4,1.1,3.9,13.5,14.8,14.3,10.0,15.1,32.9,7.6,10.9,18.4,35.1,31.4,28.0,2.7,5.8,5.3,4.3
440,2019-03-17,19.0,1.9,0.0,3.5,10.1,5.9,4.6,3.3,0.6,2.3,7.8,8.4,8.2,5.7,14.7,18.4,4.6,10.9,10.3,23.9,18.0,15.6,1.5,4.3,3.0,2.7
441,2019-03-18,18.3,1.8,0.0,3.4,9.7,5.7,4.5,3.2,0.6,2.2,7.5,8.1,8.7,5.5,15.4,17.7,4.3,11.2,9.8,26.1,17.3,15.1,1.5,4.2,2.9,2.6
442,2019-03-19,20.8,2.1,0.0,3.9,11.4,6.6,5.1,3.7,0.7,2.4,8.6,9.7,12.5,6.3,13.9,20.4,4.8,10.5,11.3,37.3,19.7,17.5,1.7,4.7,3.4,3.0
443,2019-03-20,33.1,3.2,0.0,7.5,18.1,10.6,8.2,5.7,1.1,3.9,15.1,15.3,19.7,10.1,14.8,32.2,7.5,11.7,17.9,50.3,31.5,27.5,2.7,6.5,5.4,4.6
444,2019-03-21,28.4,2.8,0.0,6.7,15.6,9.2,7.1,4.9,1.0,3.3,13.7,13.3,12.4,8.8,14.2,27.8,6.5,11.5,15.3,32.0,28.0,23.7,2.3,5.9,4.7,3.9
445,2019-03-22,20.8,1.9,0.0,4.4,11.5,6.7,5.2,3.5,0.7,2.4,9.7,9.8,8.8,6.4,14.5,20.2,4.7,11.5,11.3,31.4,20.8,17.2,1.7,5.5,3.5,2.8
446,2019-03-23,23.2,2.2,0.0,4.1,12.8,7.5,5.9,4.0,0.8,2.7,9.6,11.1,12.0,7.2,12.4,22.7,5.3,10.4,12.6,34.2,22.8,19.4,1.9,4.7,3.9,3.2
447,2019-03-24,18.5,1.9,0.0,3.5,10.0,5.9,4.6,3.4,0.6,2.1,7.6,8.6,8.7,5.6,7.5,17.7,4.1,6.1,9.9,21.2,17.8,15.1,1.5,3.1,3.0,2.7
448,2019-03-25,14.4,1.5,0.0,2.9,7.6,4.4,3.5,2.6,0.5,1.6,6.1,6.4,6.2,4.2,9.6,13.3,3.1,6.9,7.3,17.1,13.6,11.3,1.1,2.9,2.3,2.1
449,2019-03-26,27.6,2.6,0.0,5.2,14.8,8.7,6.8,4.4,0.9,3.1,11.3,12.4,14.3,8.2,11.0,25.9,6.0,9.3,14.2,33.9,26.5,22.8,2.1,4.5,4.5,3.3
450,2019-03-27,23.5,2.2,0.0,3.7,12.8,7.4,5.8,3.7,0.8,2.6,8.4,10.6,12.8,7.0,11.3,21.7,5.2,9.1,12.1,31.8,21.9,18.9,1.8,4.2,3.8,2.9
451,2019-03-28,26.0,2.2,0.0,5.2,14.8,8.3,6.5,3.7,0.9,2.9,10.8,12.3,13.4,7.8,11.3,24.4,5.7,8.9,13.4,33.3,23.9,21.2,2.0,4.7,4.2,2.9
452,2019-03-29,18.5,1.7,0.0,3.6,10.7,5.9,4.7,2.9,0.6,2.1,7.6,8.9,8.7,5.6,6.6,17.3,4.1,5.8,9.4,21.2,17.5,15.0,1.4,2.8,3.1,2.2
453,2019-03-30,11.1,0.9,0.0,1.9,6.2,3.6,2.8,1.6,0.4,1.3,4.2,5.4,5.1,3.4,8.9,10.6,2.5,6.0,6.0,10.7,10.6,9.1,0.9,1.8,1.9,1.3
454,2019-03-31,12.5,1.2,0.0,2.0,6.9,4.0,3.1,2.0,0.4,1.4,4.5,6.0,6.0,3.8,5.8,12.2,2.8,4.1,6.8,12.0,11.7,10.5,1.0,1.9,2.1,1.5
455,2019-04-01,18.9,1.9,0.0,3.0,10.5,6.1,4.8,3.2,0.7,2.2,6.7,9.0,9.5,5.8,11.0,18.2,4.2,8.6,10.2,26.8,17.6,15.6,1.5,4.2,3.2,2.5
456,2019-04-02,24.2,2.1,0.0,4.1,13.9,7.9,6.2,3.6,0.8,2.7,9.0,12.2,10.8,7.4,11.1,23.3,5.4,8.7,13.3,28.9,22.7,19.7,1.9,4.9,4.1,2.8
457,2019-04-03,18.3,1.7,0.0,3.6,10.3,6.0,4.7,2.9,0.6,2.0,7.6,9.2,7.8,5.6,10.8,17.3,4.0,8.5,10.3,20.3,17.1,14.8,1.4,3.9,3.1,2.2
458,2019-04-04,13.9,1.2,-0.0,2.2,7.6,4.7,3.7,2.0,0.5,1.6,5.2,6.7,7.5,4.4,10.2,13.5,3.1,7.3,7.9,17.3,13.5,11.6,1.1,2.7,2.4,1.6
459,2019-04-05,18.7,1.7,-0.0,3.0,10.3,6.2,4.8,2.8,0.7,2.1,6.6,8.6,9.2,5.8,12.2,17.7,4.1,10.2,10.3,28.6,17.5,15.3,1.4,4.6,3.2,2.2
460,2019-04-06,23.8,2.3,-0.0,4.8,12.9,7.9,6.1,3.8,0.8,2.7,9.9,9.7,10.4,7.4,12.6,22.5,5.3,10.0,12.1,27.9,22.0,19.5,1.9,5.0,4.1,2.9
461,2019-04-07,23.9,2.3,-0.0,5.2,13.5,8.1,6.2,3.9,0.8,2.8,11.1,10.6,9.9,7.6,12.3,23.0,5.5,9.5,12.3,23.8,23.2,19.9,1.9,4.4,4.2,3.0
462,2019-04-08,20.8,1.8,-0.0,3.9,11.3,7.0,5.4,2.9,0.7,2.4,8.8,9.0,8.5,6.6,10.0,19.8,4.8,7.8,10.8,19.1,20.3,17.3,1.7,3.6,3.6,2.3
463,2019-04-09,20.0,1.8,-0.0,3.2,10.9,6.8,5.2,2.9,0.7,2.3,7.8,8.4,7.6,6.4,8.9,19.2,4.6,7.3,10.1,17.5,19.4,16.7,1.7,3.4,3.5,2.3
464,2019-04-10,22.8,2.0,-0.0,4.4,12.4,7.7,5.8,3.3,0.8,2.6,9.9,9.3,7.8,7.1,9.8,21.5,5.2,8.5,11.1,16.9,21.7,18.8,1.9,3.8,3.9,2.6
465,2019-04-11,23.2,2.1,-0.0,3.3,12.4,7.6,5.8,3.5,0.8,2.6,8.4,9.4,8.7,7.1,9.5,21.4,5.1,8.2,11.1,20.0,22.0,18.6,1.8,3.5,3.8,2.7
466,2019-04-12,22.4,1.9,-0.0,2.9,11.9,7.4,5.7,3.2,0.8,2.6,8.0,9.2,8.1,6.9,8.9,20.8,5.0,7.7,10.8,18.3,21.4,18.1,1.7,3.3,3.7,2.5
467,2019-04-13,16.5,1.4,-0.0,2.3,9.1,5.5,4.2,2.3,0.6,1.9,5.8,7.2,5.7,5.1,5.5,15.4,3.7,4.8,8.1,11.9,15.7,13.5,1.3,2.3,2.8,1.9
468,2019-04-14,19.9,1.8,-0.0,2.7,10.8,6.5,5.0,3.0,0.7,2.3,6.9,8.2,6.6,6.1,5.8,18.4,4.4,5.3,9.6,13.5,18.4,16.3,1.5,2.6,3.3,2.4
469,2019-04-15,21.8,1.8,-0.0,2.7,11.8,7.1,5.5,3.1,0.7,2.5,7.5,9.0,6.9,6.7,7.7,20.0,4.8,6.7,10.5,16.1,20.3,17.9,1.7,3.3,3.6,2.4
470,2019-04-16,23.0,2.0,-0.0,2.9,12.5,7.6,5.8,3.4,0.8,2.6,7.9,9.5,8.5,7.1,10.2,21.6,5.1,8.3,11.1,20.8,21.2,19.3,1.8,3.3,3.9,2.7
471,2019-04-17,21.4,1.8,-0.0,2.6,11.8,7.2,5.4,3.2,0.7,2.5,7.3,9.0,8.0,6.7,8.6,20.5,4.8,7.6,10.4,18.9,19.9,18.3,1.7,3.1,3.6,2.5
472,2019-04-18,18.2,1.7,-0.0,2.2,10.0,6.1,4.5,2.9,0.6,2.1,6.2,7.8,6.7,5.7,8.3,17.8,4.1,6.9,9.0,17.3,17.0,15.7,1.4,3.1,3.0,2.3
473,2019-04-19,20.6,2.0,-0.0,2.5,11.3,6.9,5.1,3.4,0.7,2.4,7.0,8.8,7.5,6.4,9.1,20.3,4.6,7.2,10.3,18.4,19.3,17.8,1.6,3.1,3.4,2.7
474,2019-04-20,21.9,1.9,-0.0,2.7,12.0,7.4,4.9,3.3,0.7,2.6,7.4,9.3,7.9,6.8,8.6,21.6,4.9,7.4,10.9,18.3,20.6,18.9,1.7,3.2,3.4,2.6
475,2019-04-21,18.1,1.5,0.0,2.2,9.9,6.1,4.5,2.6,0.6,2.2,6.1,7.7,6.6,5.6,6.7,17.9,4.1,5.7,9.0,14.9,17.1,15.7,1.4,2.7,3.0,2.1
476,2019-04-22,13.7,1.3,0.0,1.8,7.5,4.6,3.5,2.3,0.5,1.6,4.6,5.8,5.1,4.3,3.6,13.6,3.1,4.3,6.9,12.3,13.0,11.9,1.1,2.1,2.3,1.8
477,2019-04-23,17.5,1.5,0.0,2.1,9.6,5.9,4.5,2.7,0.6,2.1,5.9,7.3,7.7,5.5,4.4,17.3,4.0,4.8,8.6,17.7,16.6,15.2,1.4,2.4,3.0,2.1
478,2019-04-24,17.5,1.5,0.0,2.1,9.6,5.9,4.5,2.6,0.6,2.1,5.9,7.3,7.9,5.5,6.1,17.4,4.1,5.3,8.6,17.7,16.6,15.0,1.5,2.6,3.0,2.0
479,2019-04-25,18.1,1.6,0.0,3.5,9.9,6.1,4.8,2.7,0.6,2.2,7.6,7.8,8.4,5.7,8.3,17.9,4.2,7.1,9.2,21.1,17.0,15.4,1.5,3.5,3.1,2.1
480,2019-04-26,13.7,1.3,0.0,2.6,7.5,4.6,3.6,2.2,0.5,1.7,5.8,5.8,6.4,4.3,6.1,13.5,3.2,4.5,6.9,14.6,13.1,11.6,1.1,2.4,2.4,1.7
481,2019-04-27,14.6,1.4,-0.0,2.9,8.0,4.8,3.7,2.3,0.5,1.9,6.3,6.1,7.6,4.5,6.7,13.8,3.6,5.2,7.1,17.5,13.9,11.9,1.2,2.6,2.5,1.8
482,2019-04-28,16.5,1.6,-0.0,3.4,9.1,5.5,4.2,2.7,0.5,2.2,7.4,6.8,8.6,5.1,6.4,15.4,4.2,4.8,8.1,19.8,15.8,13.4,1.3,2.7,2.8,2.1
483,2019-04-29,15.0,1.5,-0.0,3.3,8.2,5.1,3.9,2.5,0.5,2.0,7.1,6.6,7.6,4.7,7.3,14.0,3.8,5.7,7.8,18.7,14.6,12.2,1.2,3.0,2.6,1.9
484,2019-04-30,12.4,1.2,-0.0,2.8,6.8,4.2,3.2,1.9,0.4,1.7,5.9,5.5,5.8,3.9,5.0,11.6,3.2,4.3,6.4,14.1,12.4,10.2,1.0,2.5,2.2,1.5
485,2019-05-01,4.5,0.9,-0.0,0.9,2.4,1.5,1.1,1.4,0.1,0.6,2.1,1.9,1.9,1.4,5.3,4.1,1.1,4.3,2.3,8.1,4.4,3.6,0.4,1.4,0.8,1.1
486,2019-05-02,9.6,0.9,-0.0,1.9,5.1,3.2,2.5,1.5,0.3,1.2,4.2,4.1,4.1,2.9,3.1,8.7,2.4,2.9,4.9,8.6,9.5,7.6,0.8,1.5,1.7,1.2
487,2019-05-03,6.5,1.2,0.0,1.3,3.5,2.1,1.8,2.1,0.2,0.9,2.8,2.9,2.6,2.0,5.4,5.8,1.8,4.1,3.3,11.7,6.4,5.1,0.5,1.9,1.2,1.6
488,2019-05-04,13.5,1.2,0.0,2.4,7.2,4.3,3.4,2.1,0.4,1.8,5.4,5.7,5.4,4.0,6.0,11.8,3.6,4.9,6.5,14.1,12.8,10.3,1.0,2.4,2.4,1.6
489,2019-05-05,10.0,0.9,0.0,1.7,5.5,3.2,2.6,1.5,0.3,1.3,4.0,4.4,4.0,3.0,5.7,9.1,2.5,4.6,4.9,11.3,9.5,8.0,0.8,2.0,1.8,1.2
490,2019-05-06,13.4,1.2,0.0,2.4,7.6,4.3,3.5,2.0,0.5,1.6,5.4,6.2,5.6,4.0,6.0,12.2,3.1,4.9,6.7,13.3,12.5,10.5,1.0,2.3,2.4,1.6
491,2019-05-07,12.6,1.1,0.0,1.8,7.2,4.1,3.3,1.9,0.4,1.5,4.5,5.8,5.2,3.8,6.2,11.5,2.9,5.4,6.3,12.4,11.9,9.9,1.0,2.3,2.3,1.5
492,2019-05-08,8.7,0.8,-0.0,1.6,5.0,2.8,2.2,1.3,0.3,1.0,3.6,4.0,3.6,2.6,4.3,7.8,1.9,3.2,4.3,7.6,8.1,6.7,0.7,1.2,1.6,1.1
493,2019-05-09,10.5,1.0,-0.0,1.9,5.9,3.4,2.8,1.7,0.4,1.3,4.3,4.8,5.1,3.2,2.3,9.5,2.4,2.2,5.3,11.2,10.0,8.3,0.8,1.5,1.9,1.3
494,2019-05-10,7.2,0.8,-0.0,1.5,4.0,2.4,2.0,1.3,0.3,0.8,3.2,3.3,3.2,2.2,3.1,6.5,1.6,2.7,3.7,7.1,6.8,5.7,0.6,1.1,1.3,1.0
495,2019-05-11,6.5,0.7,-0.0,1.4,3.7,2.1,2.0,1.1,0.3,0.8,3.0,3.0,2.9,2.0,2.9,6.0,1.5,2.7,3.3,6.3,6.3,5.2,0.5,1.2,1.2,0.9
496,2019-05-12,11.1,1.0,-0.0,2.2,6.2,3.7,3.6,1.7,0.5,1.3,4.9,5.1,4.6,3.5,3.2,10.2,2.6,2.7,5.7,8.7,10.9,8.9,0.9,1.5,2.0,1.3
497,2019-05-13,11.8,1.1,-0.0,2.3,6.5,3.9,4.0,1.9,0.6,1.4,5.2,5.3,4.8,3.7,5.5,10.8,2.6,4.4,6.0,11.8,11.3,9.5,0.9,2.0,2.1,1.5
498,2019-05-14,11.9,1.1,-0.0,2.2,6.5,3.9,4.0,1.9,0.6,1.4,4.9,5.4,4.8,4.0,4.6,10.8,2.6,3.7,6.1,11.2,11.4,9.4,0.9,2.0,2.1,1.5
499,2019-05-15,13.3,1.3,-0.0,2.3,7.2,4.3,4.3,2.1,0.7,1.5,5.3,5.9,5.4,4.5,5.7,11.9,2.9,4.9,6.7,13.3,12.7,10.4,1.0,2.3,2.3,1.6
500,2019-05-16,9.9,0.9,-0.0,1.8,5.4,3.3,3.3,1.5,0.5,1.2,4.1,4.4,4.0,3.3,5.4,8.9,2.2,4.2,5.0,10.0,9.4,7.7,0.7,1.7,1.7,1.2
501,2019-05-17,11.4,1.1,-0.0,2.0,6.2,3.7,3.6,1.7,0.6,1.3,4.6,5.0,4.6,3.7,5.4,9.9,2.5,4.5,5.7,11.4,10.6,8.7,0.8,2.0,1.9,1.4
502,2019-05-18,12.7,1.1,-0.0,2.3,7.1,4.1,3.9,1.9,0.6,1.5,5.1,5.6,5.2,4.0,5.2,11.1,2.7,4.5,6.3,12.8,11.9,9.8,0.9,2.1,2.2,1.5
503,2019-05-19,8.7,0.8,-0.0,1.5,4.8,2.9,2.5,1.3,0.4,1.0,3.4,3.8,3.5,2.7,4.6,7.6,1.8,3.5,4.3,8.5,8.1,6.7,0.6,1.5,1.5,1.0
504,2019-05-20,7.3,0.7,-0.0,1.3,4.1,2.4,1.9,1.1,0.3,0.8,2.9,3.3,2.8,2.3,4.9,6.5,1.6,3.6,3.6,7.5,6.8,5.7,0.5,1.3,1.2,0.9
505,2019-05-21,9.0,0.9,-0.0,1.7,5.1,3.1,2.3,1.4,0.3,1.1,3.8,4.2,3.3,2.8,3.4,8.2,2.0,2.8,4.6,7.6,8.7,7.2,0.7,1.6,1.6,1.1
506,2019-05-22,11.9,1.1,-0.0,1.9,6.6,4.0,2.9,1.9,0.4,1.4,4.6,5.8,4.3,3.6,5.7,10.6,2.6,4.6,6.5,9.9,11.2,9.3,0.9,1.9,2.0,1.5
507,2019-05-23,11.9,0.9,-0.0,1.5,6.6,4.0,2.9,1.5,0.4,1.4,4.1,5.9,4.3,3.5,5.4,10.6,2.6,4.9,6.6,9.4,11.1,9.2,0.9,1.7,2.0,1.2
508,2019-05-24,5.1,0.4,-0.0,0.7,2.8,1.7,1.3,0.7,0.2,0.6,1.8,2.6,1.9,1.6,3.7,4.6,1.1,2.8,3.0,4.6,4.9,4.1,0.4,0.9,0.9,0.6
509,2019-05-25,7.9,0.7,0.0,1.1,4.4,2.6,2.0,1.2,0.2,0.9,2.7,3.9,2.9,2.3,4.4,6.9,1.7,3.8,4.5,7.2,7.4,6.1,0.6,1.4,1.4,1.0
510,2019-05-26,11.0,1.0,0.0,1.4,6.1,3.7,2.8,1.6,0.4,1.3,3.8,5.5,4.2,3.3,3.7,9.8,2.5,3.0,6.5,9.1,10.4,8.6,0.9,1.4,1.9,1.3
511,2019-05-27,4.6,0.4,0.0,0.7,2.5,1.5,1.1,0.7,0.1,0.5,1.7,2.3,1.7,1.4,4.7,4.0,1.0,3.2,2.7,4.8,4.3,3.6,0.4,1.1,0.8,0.6
512,2019-05-28,6.4,0.5,-0.0,1.0,3.6,2.1,1.7,0.9,0.2,0.8,2.5,3.2,2.5,1.9,2.8,5.9,1.4,1.5,3.9,3.6,6.0,5.2,0.5,0.6,1.1,0.7
513,2019-05-29,2.6,0.3,-0.0,0.4,1.4,0.8,0.7,0.5,0.1,0.3,0.9,1.3,1.0,0.8,3.5,2.4,0.6,2.4,1.5,4.7,2.4,2.1,0.2,1.0,0.5,0.4
514,2019-05-30,7.7,0.8,-0.0,1.3,4.3,2.5,2.0,1.4,0.3,0.9,3.1,3.8,3.1,2.3,3.8,7.2,1.7,2.7,4.6,7.0,7.3,6.3,0.6,1.3,1.4,1.0
515,2019-05-31,3.9,0.3,-0.0,0.6,2.2,1.3,1.0,0.6,0.1,0.4,1.4,1.9,1.5,1.2,3.2,3.7,0.9,2.4,2.3,3.1,3.6,3.2,0.3,0.7,0.7,0.4
516,2019-06-01,7.0,0.7,-0.0,1.3,3.9,2.3,1.8,1.2,0.2,0.8,2.9,3.5,2.8,2.2,2.5,6.9,1.6,2.4,4.2,8.4,6.7,5.8,0.6,1.4,1.3,0.9
517,2019-06-02,6.9,0.7,-0.0,1.1,3.8,2.3,1.8,1.2,0.2,0.8,2.6,3.4,3.0,2.2,2.5,6.8,1.6,1.9,4.2,6.9,6.7,5.8,0.6,1.0,1.3,0.9
518,2019-06-03,5.7,0.6,-0.0,1.0,3.1,1.9,1.5,1.0,0.2,0.7,2.4,2.8,2.7,1.8,2.5,5.5,1.3,1.7,3.4,7.8,5.5,4.7,0.5,1.1,1.0,0.8
519,2019-06-04,6.4,0.6,-0.0,1.2,3.5,2.1,1.7,1.0,0.2,0.8,2.7,3.1,3.8,2.0,4.1,6.1,1.5,2.6,3.8,8.6,6.1,5.3,0.5,1.1,1.1,0.8
520,2019-06-05,7.1,0.7,-0.0,1.6,3.9,2.3,1.8,1.2,0.2,0.8,3.3,3.4,3.9,2.2,3.4,6.7,1.6,2.6,4.1,9.9,6.8,5.8,0.6,1.3,1.2,0.9
521,2019-06-06,5.6,0.6,-0.0,1.3,3.0,1.9,1.5,1.0,0.2,0.7,2.8,2.7,2.9,1.8,2.5,5.5,1.3,1.9,3.4,6.4,5.8,4.7,0.5,1.0,1.0,0.8
522,2019-06-07,7.8,0.8,0.0,1.7,4.1,2.5,2.0,1.3,0.3,0.9,3.7,3.5,3.6,2.4,4.4,7.3,1.8,3.4,4.5,8.9,7.7,5.7,0.6,1.6,1.4,1.0
523,2019-06-08,4.6,0.5,0.0,1.0,2.4,1.5,1.2,0.9,0.2,0.5,2.1,2.0,2.0,1.4,4.0,4.2,1.0,2.9,2.6,5.7,4.5,3.4,0.4,0.9,0.8,0.7
524,2019-06-09,4.7,0.4,0.0,0.9,2.4,1.5,1.2,0.7,0.2,0.5,2.1,2.0,2.0,1.4,2.5,4.2,1.0,2.2,2.6,5.6,4.6,3.6,0.4,1.2,0.8,0.6
525,2019-06-10,3.4,0.3,0.0,0.7,1.8,1.1,0.8,0.5,0.1,0.4,1.5,1.5,1.4,1.0,4.3,3.0,0.7,3.2,1.8,7.0,3.3,2.6,0.3,1.1,0.6,0.4
526,2019-06-11,2.8,0.7,0.0,0.5,1.4,0.9,0.7,1.2,0.1,0.3,1.1,1.2,1.1,0.8,4.0,2.4,0.6,3.2,1.5,9.2,2.7,2.1,0.2,1.5,0.5,0.9
527,2019-06-12,7.0,0.6,0.0,1.3,3.7,2.1,1.7,1.1,0.2,0.8,2.9,3.3,2.8,2.0,2.4,6.1,1.4,2.7,3.8,6.3,6.5,5.3,0.5,1.0,1.1,0.8
528,2019-06-13,2.1,0.2,0.0,0.4,1.2,0.6,0.5,0.3,0.1,0.2,0.9,1.1,0.8,0.6,3.3,1.8,0.4,2.2,1.2,7.7,1.9,1.6,0.1,1.3,0.3,0.3
529,2019-06-14,6.9,0.6,-0.0,1.4,3.9,2.2,1.7,1.0,0.2,0.7,3.0,3.7,3.0,2.0,3.7,6.1,1.4,2.5,4.0,7.4,6.5,5.3,0.5,1.2,1.2,0.8
530,2019-06-15,6.0,0.6,-0.0,1.3,3.5,1.9,1.5,1.0,0.2,0.7,2.7,3.4,2.6,1.8,2.8,5.6,1.3,2.5,3.8,5.8,5.8,4.8,0.4,0.9,1.0,0.8
531,2019-06-16,5.5,0.5,-0.0,1.1,3.1,1.7,1.4,0.9,0.2,0.6,2.5,3.0,2.4,1.6,3.2,4.9,1.1,2.5,3.5,6.6,5.3,4.2,0.4,1.3,0.9,0.7
532,2019-06-17,6.1,0.5,-0.0,1.3,3.5,1.9,1.5,0.9,0.2,0.7,2.8,3.4,3.0,1.8,4.3,5.5,1.3,3.0,3.9,7.5,6.0,4.8,0.4,1.3,1.0,0.7
533,2019-06-18,4.8,0.4,-0.0,1.0,2.7,1.5,1.2,0.6,0.2,0.5,2.2,2.6,2.2,1.4,3.0,4.3,1.0,2.0,3.1,5.6,4.7,3.7,0.3,1.1,0.8,0.5
534,2019-06-19,7.7,0.7,0.0,1.6,4.1,2.4,1.8,1.2,0.2,0.8,3.5,4.1,3.2,2.2,3.0,6.7,1.5,2.0,5.0,6.5,7.5,5.8,0.5,1.1,1.3,0.9
535,2019-06-20,6.3,0.6,0.0,1.3,3.4,1.9,1.5,1.0,0.2,0.7,2.8,3.4,2.7,1.8,2.4,5.5,1.3,2.0,4.1,3.0,6.2,4.8,0.4,0.8,1.0,0.8
536,2019-06-21,5.8,0.5,0.0,1.1,3.0,1.7,1.3,0.9,0.2,0.6,2.5,2.9,2.8,1.6,4.1,4.9,1.1,2.5,3.6,7.1,5.5,4.2,0.4,0.9,0.9,0.7
537,2019-06-22,6.4,0.6,0.0,1.3,3.5,1.9,1.5,1.0,0.2,0.7,2.8,3.4,2.6,1.8,3.5,5.5,1.3,2.2,4.0,6.5,6.2,4.7,0.4,1.1,1.0,0.8
538,2019-06-23,5.8,0.4,0.0,1.1,3.1,1.7,1.3,0.7,0.2,0.6,2.5,2.9,2.2,1.6,3.8,4.9,1.1,2.4,3.5,5.6,5.6,4.2,0.4,1.1,0.9,0.6
539,2019-06-24,7.2,0.6,0.0,1.4,3.9,2.1,1.6,1.0,0.2,0.7,3.1,3.7,3.0,2.0,4.1,6.1,1.4,3.1,4.3,8.2,7.0,5.3,0.5,1.3,1.1,0.8
540,2019-06-25,8.0,0.7,0.0,1.5,4.3,2.3,1.8,1.2,0.2,0.8,3.3,4.1,3.3,2.2,4.4,6.7,1.5,2.9,4.9,8.2,7.5,5.8,0.5,1.3,1.2,0.9
541,2019-06-26,7.3,0.6,0.0,1.4,4.0,2.1,1.6,1.1,0.2,0.8,3.0,3.9,3.0,2.0,4.7,6.0,1.4,2.9,4.5,7.4,6.8,5.3,0.5,1.3,1.1,0.8
542,2019-06-27,8.6,0.8,0.0,1.6,4.7,2.5,1.9,1.3,0.2,0.9,3.6,4.7,3.5,2.3,5.4,7.2,1.7,3.4,5.4,9.5,8.2,6.3,0.6,1.7,1.3,1.0
543,2019-06-28,9.2,0.8,0.0,1.8,5.1,2.7,2.1,1.3,0.3,1.0,3.9,5.0,3.8,2.5,5.1,7.8,1.8,3.4,5.9,9.5,8.7,6.8,0.6,1.7,1.4,1.0
544,2019-06-29,5.5,0.4,0.0,1.1,3.2,1.7,1.3,0.7,0.2,0.6,2.4,3.2,2.3,1.6,3.1,4.8,1.1,1.7,3.7,5.0,5.3,4.2,0.4,0.9,0.9,0.6
545,2019-06-30,7.0,0.6,0.0,1.4,3.9,2.1,1.6,1.1,0.2,0.7,3.0,3.8,2.9,2.0,3.8,6.0,1.4,2.6,4.6,7.1,6.7,5.2,0.5,1.3,1.1,0.8
546,2019-07-01,5.6,0.6,0.0,1.1,3.2,1.7,1.3,1.0,0.2,0.6,2.4,3.1,2.3,1.6,2.8,4.8,1.1,1.9,3.7,7.0,5.3,4.2,0.4,0.8,0.9,0.8
547,2019-07-02,7.0,0.6,0.0,1.3,3.9,2.1,1.6,1.1,0.2,0.7,3.0,3.9,2.8,2.0,3.8,6.0,1.4,2.4,4.6,6.3,6.6,5.3,0.5,1.0,1.1,0.8
548,2019-07-03,7.0,0.6,0.0,1.3,3.9,2.1,1.6,1.1,0.2,0.7,2.9,3.8,2.8,2.0,3.1,6.1,1.4,2.1,4.6,6.4,6.6,5.3,0.5,1.2,1.1,0.8
549,2019-07-04,7.0,0.6,0.0,1.3,3.9,2.1,1.6,1.0,0.2,0.7,2.9,3.9,2.8,2.0,5.9,6.1,1.4,3.6,4.6,8.5,6.5,5.3,0.5,1.5,1.1,0.8
550,2019-07-05,7.0,0.6,0.0,1.3,3.9,2.1,1.6,1.0,0.2,0.7,2.9,3.9,2.8,2.0,5.9,6.1,1.4,3.6,4.6,8.5,6.5,5.3,0.5,1.6,1.1,0.7
551,2019-07-06,9.6,0.8,0.0,1.8,5.5,3.0,2.3,1.4,0.3,1.0,4.1,5.4,4.5,2.7,5.9,8.5,2.0,3.8,6.3,12.2,9.1,7.4,0.7,1.7,1.6,1.1
552,2019-07-07,6.2,0.5,0.0,1.2,3.5,1.9,1.5,0.9,0.2,0.7,2.6,3.4,3.0,1.8,2.8,5.4,1.3,2.4,4.1,5.8,5.8,4.7,0.4,0.9,1.0,0.7
553,2019-07-08,6.8,0.4,0.0,1.4,3.8,2.1,1.7,0.7,0.2,0.7,3.0,3.8,3.2,2.0,3.8,6.0,1.4,2.4,4.6,7.1,6.5,5.3,0.5,1.2,1.2,0.6
554,2019-07-09,6.2,0.6,0.0,1.3,3.5,1.9,1.5,1.0,0.2,0.7,2.8,3.4,2.7,1.8,3.1,5.4,1.3,2.2,4.1,7.6,5.9,4.7,0.4,1.0,1.0,0.7
555,2019-07-10,4.8,0.6,0.0,1.0,2.7,1.5,1.2,1.1,0.2,0.5,2.1,2.7,2.1,1.4,4.9,4.2,1.0,2.7,3.2,6.6,4.6,3.7,0.3,0.7,0.8,0.8
556,2019-07-11,6.2,0.6,0.0,1.2,3.5,1.9,1.5,1.0,0.2,0.7,2.7,3.4,2.6,1.8,3.5,5.4,1.3,1.9,4.0,5.1,5.9,4.7,0.4,0.9,1.0,0.7
557,2019-07-12,6.3,0.6,0.0,1.2,3.4,1.9,1.5,1.1,0.2,0.7,2.7,3.4,2.6,1.8,2.8,5.4,1.3,2.6,4.1,5.8,6.0,4.7,0.4,1.2,1.0,0.9
558,2019-07-13,7.0,0.5,0.0,1.3,3.8,2.1,1.7,0.8,0.2,0.8,3.0,3.8,2.9,2.0,5.2,6.1,1.4,3.1,4.5,5.8,6.7,5.3,0.5,1.4,1.2,0.6
559,2019-07-14,4.9,0.5,0.0,0.9,2.7,1.5,1.2,0.9,0.2,0.5,2.1,2.6,2.0,1.4,2.4,4.4,1.0,2.2,3.1,5.8,4.6,3.9,0.3,0.9,0.8,0.6
560,2019-07-15,7.0,0.7,0.0,1.3,3.8,2.1,1.7,1.2,0.2,0.8,2.9,3.6,2.9,2.0,3.4,6.4,1.5,2.2,4.4,6.6,6.6,5.5,0.5,0.9,1.1,0.9
561,2019-07-16,6.3,0.5,0.0,1.2,3.5,1.9,1.5,1.0,0.2,0.7,2.6,3.4,2.7,1.8,3.4,5.8,1.3,2.2,4.0,8.4,5.9,4.9,0.4,1.2,1.0,0.7
562,2019-07-17,6.2,0.6,0.0,1.2,3.5,1.9,1.5,1.0,0.2,0.7,2.6,3.4,2.8,1.8,3.1,5.8,1.3,1.7,3.9,5.6,5.9,4.9,0.4,0.8,1.0,0.8
563,2019-07-18,8.3,0.8,0.0,1.7,4.7,2.6,2.0,1.4,0.3,1.0,3.6,4.5,4.8,2.4,4.1,7.6,1.8,2.7,5.3,11.5,7.8,6.4,0.6,1.2,1.4,1.0
564,2019-07-19,8.3,0.8,0.0,1.8,4.6,2.6,2.0,1.4,0.3,0.9,3.6,4.6,4.9,2.4,4.1,7.5,1.8,2.4,5.4,9.5,7.8,6.4,0.6,1.1,1.4,1.0
565,2019-07-20,9.6,0.9,0.0,2.3,5.4,3.0,2.4,1.6,0.3,1.1,4.6,5.4,5.8,2.8,5.4,8.7,2.1,3.6,6.3,14.8,9.3,7.5,0.7,1.9,1.6,1.2
566,2019-07-21,7.5,0.7,0.0,1.8,4.2,2.3,1.9,1.2,0.2,0.9,3.9,4.2,4.5,2.2,5.1,6.8,1.7,2.9,4.9,9.4,7.9,5.8,0.5,0.9,1.2,0.9
567,2019-07-22,12.9,1.2,0.0,3.1,7.2,4.1,3.2,2.1,0.4,1.5,6.8,7.1,7.5,3.8,6.5,11.8,2.9,4.4,8.5,18.1,13.8,10.1,0.9,2.5,2.1,1.6
568,2019-07-23,10.2,0.9,0.0,2.3,5.3,3.0,2.3,1.5,0.3,1.1,4.9,5.2,5.5,2.8,5.2,8.6,2.1,3.2,6.3,12.9,10.7,7.4,0.7,1.9,1.6,1.2
569,2019-07-24,10.4,0.9,0.0,2.2,5.3,3.0,2.3,1.5,0.3,1.1,4.8,5.1,5.4,2.8,4.1,8.6,2.1,2.7,6.2,12.8,10.9,7.4,0.7,1.6,1.6,1.2
570,2019-07-25,9.8,0.8,0.0,2.0,5.0,2.8,2.2,1.4,0.3,1.0,4.3,4.7,4.9,2.6,3.4,8.0,1.9,1.9,5.7,8.7,10.0,6.9,0.6,0.8,1.5,1.1
571,2019-07-26,6.9,0.6,0.0,1.4,3.6,1.9,1.5,1.0,0.2,0.7,2.9,3.4,3.2,1.8,3.1,5.5,1.3,1.9,3.9,9.1,6.6,4.8,0.4,1.2,1.0,0.8
572,2019-07-27,8.4,0.7,0.0,1.6,4.6,2.3,1.8,1.2,0.2,0.9,3.5,4.3,3.8,2.2,4.1,6.7,1.6,2.4,4.7,8.8,8.1,5.8,0.5,1.6,1.2,0.9
573,2019-07-28,11.4,1.0,0.0,2.1,6.3,3.2,2.5,1.6,0.3,1.2,4.6,6.1,5.1,3.0,4.7,9.2,2.3,3.1,6.6,11.9,10.7,7.9,0.7,1.8,1.7,1.3
574,2019-07-29,4.5,0.3,0.0,0.8,2.5,1.3,1.0,0.5,0.1,0.5,1.8,2.5,2.0,1.2,2.0,3.7,0.9,1.2,2.8,3.3,4.2,3.2,0.3,0.5,0.7,0.4
575,2019-07-30,7.5,0.7,0.0,1.4,4.2,2.1,1.7,1.2,0.2,0.8,3.0,4.4,3.2,2.0,3.7,6.1,1.5,2.4,4.8,6.5,7.0,5.3,0.5,1.6,1.1,0.9
576,2019-07-31,14.8,1.3,0.0,2.8,8.3,4.3,3.3,2.2,0.4,1.5,6.0,8.7,6.0,4.0,5.9,12.2,2.9,4.1,9.8,15.8,14.0,10.6,1.0,2.5,2.2,1.7
577,2019-08-01,12.3,1.1,0.0,2.4,6.9,3.6,2.8,2.0,0.4,1.3,5.1,7.3,5.2,3.4,3.6,10.4,2.4,2.4,8.5,12.3,11.5,9.0,0.8,1.3,1.9,1.5
578,2019-08-02,10.0,0.9,0.0,1.9,5.7,3.0,2.3,1.5,0.3,1.0,4.2,6.0,4.4,2.8,4.1,8.5,2.0,1.2,7.0,8.6,9.5,7.4,0.7,1.3,1.5,1.2
579,2019-08-03,5.0,0.6,0.0,1.0,2.8,1.5,1.1,1.1,0.2,0.5,2.1,2.9,2.0,1.4,3.0,4.3,1.0,1.9,3.5,6.9,4.7,3.7,0.3,0.6,0.8,0.8
580,2019-08-04,7.0,0.6,0.0,1.3,4.0,2.1,1.6,1.1,0.2,0.7,3.0,4.1,2.6,2.0,3.8,6.1,1.4,2.2,5.0,3.2,6.6,5.3,0.5,0.7,1.1,0.8
581,2019-08-05,7.7,0.7,0.0,1.3,4.3,2.3,1.8,1.2,0.2,0.8,3.1,4.5,2.8,2.2,6.0,6.7,1.6,3.2,5.5,7.6,7.3,5.8,0.5,1.1,1.2,0.9
582,2019-08-06,11.2,1.0,0.0,1.6,6.2,3.4,2.6,1.7,0.3,1.2,4.0,6.4,4.2,3.2,7.8,9.7,2.3,4.6,7.8,9.1,10.4,8.4,0.8,1.8,1.8,1.3
583,2019-08-07,11.1,1.0,0.0,1.8,6.2,3.4,2.6,1.7,0.3,1.2,4.3,6.3,4.2,3.2,4.4,9.7,2.3,2.7,7.7,10.4,10.2,8.4,0.8,1.6,1.8,1.3
584,2019-08-08,8.9,0.8,0.0,1.5,5.1,2.8,2.1,1.4,0.3,1.0,3.5,5.1,3.4,2.6,5.1,7.9,1.8,3.1,6.1,8.4,8.2,6.9,0.6,1.6,1.5,1.1
585,2019-08-09,8.8,0.8,0.0,1.5,5.1,2.8,2.1,1.4,0.3,1.0,3.5,5.0,3.5,2.6,7.6,7.9,1.8,4.6,6.1,8.6,8.1,6.9,0.6,1.9,1.4,1.1
586,2019-08-10,6.0,0.7,0.0,1.1,3.5,1.9,1.5,1.1,0.2,0.7,2.5,3.5,2.6,1.8,6.4,5.5,1.3,3.4,4.2,4.3,5.6,4.7,0.4,0.8,1.0,0.9
587,2019-08-11,6.7,0.7,0.0,1.2,3.9,2.1,1.6,1.1,0.2,0.8,2.6,3.8,2.8,2.0,6.0,6.2,1.4,3.9,4.6,7.5,6.2,5.4,0.5,1.4,1.1,0.9
588,2019-08-12,9.9,1.1,0.0,1.9,5.7,3.2,2.4,1.9,0.3,1.1,4.2,5.7,4.2,2.9,6.3,9.4,2.1,4.4,6.9,9.7,9.3,8.1,0.7,1.9,1.6,1.4
589,2019-08-13,9.8,1.0,0.0,1.8,5.6,3.2,2.4,1.7,0.3,1.2,4.2,5.5,4.2,3.0,3.5,9.5,2.2,1.5,6.8,8.4,9.4,8.1,0.7,1.2,1.6,1.3
590,2019-08-14,9.8,1.0,0.0,2.0,5.7,3.2,2.4,1.7,0.3,1.1,4.4,5.7,4.2,3.0,5.2,9.5,2.2,3.4,6.8,8.6,9.4,8.0,0.7,1.5,1.6,1.3
591,2019-08-15,15.7,1.6,0.0,2.6,9.0,5.1,3.8,2.7,0.5,1.8,6.0,8.9,7.2,4.7,8.6,15.1,3.4,6.0,10.6,18.3,15.0,12.8,1.2,2.9,2.6,2.1
592,2019-08-16,8.6,0.8,0.0,1.6,4.9,2.7,2.1,1.4,0.3,1.0,3.5,4.7,5.2,2.5,3.8,8.1,1.8,2.4,5.7,10.3,8.1,6.9,0.6,1.2,1.4,1.1
593,2019-08-17,13.8,1.4,0.0,3.0,7.9,4.4,3.3,2.3,0.4,1.6,6.2,7.7,8.3,4.1,7.9,13.0,3.0,5.1,9.2,21.2,13.2,11.1,1.0,2.6,2.3,1.8
594,2019-08-18,7.9,0.8,0.0,1.8,4.5,2.5,1.9,1.3,0.2,0.9,3.7,4.4,4.5,2.3,4.8,7.4,1.7,2.9,5.2,9.5,7.7,6.4,0.6,1.4,1.3,1.0
595,2019-08-19,11.9,1.1,0.0,2.7,6.8,3.8,2.8,1.9,0.4,1.4,5.6,6.6,6.6,3.4,8.4,11.1,2.6,5.5,7.8,17.7,11.8,9.5,0.9,2.6,1.9,1.5
596,2019-08-20,8.6,0.8,0.0,1.8,5.0,2.7,2.0,1.4,0.3,1.0,3.9,4.8,4.4,2.5,5.4,8.0,1.9,3.6,5.6,10.4,8.4,6.9,0.6,2.1,1.4,1.0
597,2019-08-21,7.5,1.1,0.0,1.5,4.2,2.3,1.7,1.9,0.2,0.8,3.2,4.1,3.4,2.1,5.7,6.8,1.6,3.6,4.8,14.0,7.2,5.9,0.5,1.8,1.2,1.5
598,2019-08-22,16.2,1.4,0.0,3.1,8.8,4.8,3.3,2.5,0.5,1.7,6.7,8.6,7.0,4.4,7.7,14.2,3.3,5.5,10.0,17.0,15.4,12.3,1.1,2.7,2.2,1.9
599,2019-08-23,17.4,1.7,0.0,3.2,9.5,5.2,3.5,2.9,0.5,1.9,6.9,9.3,7.2,4.8,8.7,15.6,3.7,5.9,10.9,18.2,16.5,13.4,1.2,3.1,2.4,2.2
600,2019-08-24,18.7,1.7,0.0,3.4,10.5,5.6,3.7,2.9,0.6,2.1,7.4,10.1,7.8,5.2,9.4,16.8,3.9,6.6,11.9,19.7,17.4,14.4,1.3,3.4,2.6,2.2
601,2019-08-25,17.2,1.6,0.0,2.9,9.8,5.2,3.5,2.7,0.5,1.9,6.6,9.4,7.1,4.8,8.1,15.5,3.6,5.4,11.0,16.5,15.9,13.2,1.2,2.7,2.5,2.1
602,2019-08-26,15.0,1.4,0.0,2.6,8.6,4.5,3.1,2.5,0.5,1.7,5.8,8.4,6.1,4.2,9.5,13.6,3.2,6.3,9.7,16.1,13.8,11.6,1.1,2.9,2.2,1.9
603,2019-08-27,12.0,1.1,0.0,1.8,7.0,3.7,2.7,1.9,0.4,1.4,4.3,6.9,5.4,3.5,9.2,11.1,2.6,6.0,8.0,14.3,11.2,9.5,0.9,2.4,1.9,1.5
604,2019-08-28,16.0,1.5,0.0,3.0,9.4,5.0,3.7,2.7,0.5,1.9,6.5,9.3,7.0,4.6,6.1,14.7,3.6,4.0,10.8,14.7,14.9,12.7,1.2,2.3,2.6,2.0
605,2019-08-29,11.4,1.0,0.0,2.0,6.6,3.5,2.6,1.7,0.3,1.4,4.5,6.6,5.0,3.2,8.5,10.4,2.7,5.4,7.7,12.7,10.6,9.0,0.8,2.1,1.8,1.3
606,2019-08-30,13.5,1.3,0.0,2.7,7.9,4.1,3.0,2.2,0.4,1.7,5.8,7.9,5.8,3.8,9.9,12.2,3.3,6.3,9.1,15.1,12.4,10.6,1.0,2.6,2.1,1.7
607,2019-08-31,17.5,1.6,0.0,3.3,10.2,5.4,4.0,3.0,0.5,2.3,7.3,10.1,7.0,5.0,11.3,15.9,4.3,7.5,11.8,18.0,16.3,13.7,1.3,3.5,2.7,2.4
608,2019-09-01,17.3,1.8,0.0,3.0,10.2,5.3,3.9,3.2,0.5,2.3,6.7,10.2,6.5,5.0,7.3,16.3,4.3,4.2,11.9,14.9,16.2,14.1,1.3,2.7,2.7,2.6
609,2019-09-02,20.1,2.0,0.0,2.9,11.8,6.2,4.6,3.7,0.6,2.5,7.2,11.7,7.1,5.8,9.8,18.9,4.9,5.8,13.8,16.1,18.7,16.4,1.5,2.9,3.1,2.9
610,2019-09-03,21.7,2.2,0.0,2.8,12.5,6.6,4.8,3.9,0.6,2.5,7.5,12.5,8.0,6.1,12.8,20.5,4.8,8.3,14.7,22.0,20.3,17.5,1.6,3.6,3.4,3.1
611,2019-09-04,17.7,1.8,0.0,2.1,10.2,5.3,4.0,3.2,0.5,2.1,6.0,10.2,6.5,5.0,5.5,16.7,4.0,3.6,12.0,14.8,16.3,14.3,1.3,2.2,2.8,2.6
612,2019-09-05,15.7,1.4,0.0,1.9,9.1,4.7,3.6,2.6,0.5,1.9,5.2,9.1,6.4,4.4,11.2,14.7,3.6,5.9,10.6,18.1,14.5,12.6,1.2,2.5,2.5,2.1
613,2019-09-06,14.3,1.3,0.0,2.5,8.3,4.3,3.2,2.4,0.4,1.7,5.7,8.3,6.3,4.0,6.6,13.5,3.4,4.4,9.7,13.9,13.2,11.5,1.1,1.9,2.2,1.9
614,2019-09-07,9.4,0.9,0.0,1.8,5.5,2.9,2.1,1.6,0.3,1.2,4.0,5.5,5.3,2.7,7.4,9.2,2.2,4.5,6.5,13.8,8.8,7.8,0.7,1.8,1.5,1.3
615,2019-09-08,14.1,1.4,0.0,2.8,8.3,4.3,3.2,2.6,0.4,1.8,5.9,8.3,8.2,4.0,5.6,13.8,3.4,4.2,9.8,18.1,13.2,11.8,1.1,2.1,2.2,2.0
616,2019-09-09,18.8,1.9,-0.0,4.2,10.9,5.8,4.3,3.4,0.6,2.4,8.6,11.0,10.9,5.3,11.2,18.6,4.7,6.8,13.1,29.1,17.7,15.7,1.4,3.6,2.9,2.7
617,2019-09-10,20.2,2.1,-0.0,4.5,11.7,6.1,4.7,3.7,0.6,2.6,9.4,11.8,11.6,5.8,10.6,20.0,5.1,6.8,14.0,30.1,19.6,16.8,1.5,3.9,3.2,2.9
618,2019-09-11,22.9,2.3,-0.0,5.0,13.3,6.8,5.3,4.2,0.7,3.0,10.5,13.3,13.3,6.6,11.9,22.5,5.7,7.2,15.7,33.5,22.5,18.9,1.7,4.2,3.6,3.3
619,2019-09-12,16.4,1.6,-0.0,3.6,9.4,4.8,3.8,2.8,0.5,2.1,7.5,9.3,9.8,4.7,11.9,15.7,4.0,6.9,11.1,25.4,16.0,13.3,1.2,3.2,2.5,2.3
620,2019-09-13,19.8,1.8,-0.0,4.7,10.9,5.7,4.1,3.3,0.6,2.4,9.6,10.8,11.7,5.5,12.0,18.1,4.6,6.8,12.9,29.1,19.5,15.4,1.4,3.7,2.9,2.6
621,2019-09-14,26.4,2.4,-0.0,5.7,14.3,7.6,5.3,4.4,0.8,3.3,12.5,14.2,14.9,7.3,14.4,23.7,6.3,9.2,17.0,38.4,27.3,20.1,1.9,4.9,3.7,3.5
622,2019-09-15,19.2,1.8,-0.0,4.2,10.3,5.6,4.2,3.2,0.6,2.4,9.0,10.3,10.7,5.3,9.4,17.3,4.6,5.3,12.4,26.3,19.7,14.7,1.4,2.8,2.9,2.5
623,2019-09-16,14.7,1.3,-0.0,3.1,7.6,4.2,3.2,2.3,0.4,1.8,6.6,7.4,7.5,3.9,6.3,12.7,3.4,3.3,9.1,17.2,14.8,10.9,1.0,2.4,2.2,1.8
624,2019-09-17,9.6,0.9,-0.0,2.0,5.0,2.7,2.1,1.6,0.3,1.2,4.3,4.9,4.8,2.5,11.2,8.3,2.2,7.1,5.9,15.3,9.6,7.1,0.7,2.5,1.4,1.3
625,2019-09-18,19.3,1.7,-0.0,3.9,10.2,5.5,4.2,3.0,0.5,2.3,8.3,9.8,9.8,5.1,13.5,16.6,4.4,8.8,11.5,27.9,18.9,14.1,1.3,4.1,2.9,2.4
626,2019-09-19,26.0,2.2,-0.0,5.2,13.9,7.4,5.6,4.0,0.7,3.0,11.0,13.1,12.3,6.9,14.1,22.3,5.9,9.8,15.3,34.0,24.8,19.0,1.8,5.1,3.9,3.2
627,2019-09-20,29.7,2.6,-0.0,5.9,16.0,8.4,6.5,4.7,0.9,3.5,12.5,15.4,12.8,7.8,13.4,25.4,6.8,9.3,17.7,33.4,28.4,21.7,2.0,4.9,4.4,3.7
628,2019-09-21,19.3,1.7,-0.0,3.7,10.5,5.5,4.3,3.0,0.6,2.3,8.0,10.2,9.8,5.1,8.5,16.5,4.4,5.5,11.7,23.2,18.4,14.0,1.3,2.9,2.8,2.4
629,2019-09-22,22.7,2.1,-0.0,4.3,12.5,6.5,5.1,3.7,0.7,2.6,9.2,12.5,12.1,6.2,10.2,19.6,5.1,6.9,14.1,31.1,21.6,16.8,1.6,3.8,3.4,2.9
630,2019-09-23,20.5,1.8,-0.0,4.2,11.4,5.9,4.5,3.2,0.6,2.3,8.6,11.4,8.4,5.6,11.6,17.8,4.5,7.4,13.0,19.5,19.0,15.2,1.4,3.4,3.0,2.6
631,2019-09-24,25.9,2.3,-0.0,5.3,14.6,7.6,5.6,4.2,0.8,3.1,11.5,14.8,11.9,7.2,12.0,22.8,5.9,7.7,16.8,27.9,24.9,19.5,1.8,4.0,3.8,3.3
632,2019-09-25,22.5,2.1,-0.0,4.4,13.1,6.8,5.0,3.9,0.7,2.7,9.8,13.3,11.3,6.3,5.9,20.3,5.3,3.6,15.1,22.7,21.9,17.3,1.6,2.6,3.4,3.1
633,2019-09-26,26.5,2.7,-0.0,5.3,15.2,8.0,6.5,4.8,0.9,3.1,11.3,15.7,13.5,7.5,11.6,24.1,5.9,8.1,18.2,34.4,25.0,20.6,1.9,4.6,4.1,3.9
634,2019-09-27,25.0,2.3,-0.0,4.9,13.9,7.4,6.4,4.1,0.9,2.8,10.4,14.5,11.0,7.0,14.7,22.2,5.5,9.3,16.9,27.0,23.7,19.0,1.8,4.4,3.8,3.3
635,2019-09-28,28.4,2.6,-0.0,5.6,15.6,8.4,7.4,4.7,1.1,3.3,11.9,16.1,11.8,8.0,15.5,25.4,6.4,10.1,19.3,29.3,26.8,21.7,2.0,4.8,4.3,3.8
636,2019-09-29,24.8,2.4,-0.0,4.7,13.6,7.8,7.2,4.4,1.1,3.1,10.5,13.9,11.0,7.5,15.5,23.5,5.9,9.4,17.5,27.3,24.1,20.0,1.9,4.3,4.0,3.6
637,2019-09-30,27.3,2.7,-0.0,5.4,15.3,8.7,8.1,5.0,1.2,3.3,11.8,15.3,13.1,8.5,15.9,26.5,6.4,10.1,18.9,32.7,26.2,22.6,2.1,4.8,4.4,4.0
638,2019-10-01,31.2,3.1,-0.0,6.3,17.4,9.7,9.0,5.7,1.4,3.7,13.6,16.4,14.9,9.5,16.7,30.1,7.2,10.7,20.3,38.2,29.4,25.8,2.3,5.4,4.9,4.7
639,2019-10-02,29.3,2.9,-0.0,5.8,16.2,9.1,8.2,5.4,1.3,3.5,12.8,15.0,15.7,8.9,15.4,28.3,6.6,10.3,18.6,41.4,27.8,24.2,2.2,5.3,4.6,4.5
640,2019-10-03,35.1,3.7,-0.0,7.2,19.8,11.1,9.0,6.7,1.5,4.2,15.5,18.4,19.5,10.8,18.1,34.4,8.1,13.3,22.2,53.3,33.3,29.2,2.6,6.8,5.2,5.5
641,2019-10-04,24.2,2.5,-0.0,5.1,13.8,7.7,6.8,4.5,1.0,2.9,10.7,12.9,13.9,7.4,14.4,23.9,5.6,9.3,15.1,35.1,23.0,20.2,1.8,4.6,3.8,3.6
642,2019-10-05,31.1,3.1,-0.0,6.7,17.7,9.9,8.7,5.6,1.3,3.9,13.9,16.5,17.1,9.5,10.6,30.7,7.5,6.9,19.2,47.2,29.5,25.8,2.4,6.1,4.9,4.6
643,2019-10-06,29.2,3.0,-0.0,6.3,16.5,9.3,8.4,5.4,1.3,3.6,13.2,15.9,16.0,8.9,17.2,28.6,7.1,12.5,18.5,43.3,28.1,24.1,2.2,6.3,4.6,4.4
644,2019-10-07,25.2,2.5,-0.0,5.4,14.3,8.0,7.3,4.6,1.1,3.1,11.5,13.7,14.5,7.7,10.5,24.6,6.1,8.3,15.9,38.5,24.2,20.8,2.0,4.8,3.9,3.7
645,2019-10-08,15.1,1.5,-0.0,3.3,8.5,4.8,4.3,2.7,0.7,1.8,6.8,8.2,8.6,4.6,12.1,14.6,3.5,8.8,9.5,24.2,14.6,12.3,1.2,3.8,2.3,2.3
646,2019-10-09,22.9,2.3,-0.0,4.9,12.8,7.2,6.2,4.3,0.9,2.7,10.3,12.3,12.9,6.9,11.2,21.9,5.3,8.3,14.2,33.4,22.1,18.5,1.8,4.3,3.5,3.5
647,2019-10-10,27.2,2.8,-0.0,6.0,15.3,8.5,7.3,5.1,1.1,3.3,12.5,14.7,15.4,8.1,13.9,25.9,6.6,10.0,16.9,38.7,26.3,21.9,2.1,4.9,4.1,4.6
648,2019-10-11,20.4,1.7,-0.0,4.5,11.5,6.3,5.0,3.2,0.8,2.5,9.4,11.3,11.2,6.0,15.7,19.4,4.8,11.2,12.9,29.8,20.1,16.3,1.5,4.5,2.9,2.8
649,2019-10-12,19.2,1.7,-0.0,4.3,10.7,5.9,4.8,3.2,0.8,2.3,9.0,10.7,10.3,5.6,14.8,18.1,4.6,10.2,12.3,28.8,18.8,15.2,1.4,4.0,2.7,2.9
650,2019-10-13,28.0,2.7,-0.0,5.9,15.5,8.5,7.4,5.0,1.2,3.2,13.1,15.5,15.2,8.1,13.2,26.2,6.3,9.8,17.8,39.6,28.8,22.0,2.0,4.8,4.0,4.6
651,2019-10-14,19.2,1.8,0.0,3.9,10.3,5.6,5.0,3.3,0.8,2.1,8.2,10.2,10.5,5.4,16.5,17.5,4.1,11.5,11.9,30.4,18.7,14.7,1.4,4.5,2.7,3.0
652,2019-10-15,37.1,3.5,0.0,7.7,19.9,10.9,9.8,6.4,1.5,4.0,15.9,19.9,20.4,10.4,15.9,33.6,7.7,11.8,23.1,50.9,35.5,28.2,2.6,6.1,5.3,5.8
653,2019-10-16,24.4,2.2,0.0,5.3,13.1,7.2,6.6,4.1,1.0,2.7,10.8,13.1,13.9,6.9,11.8,22.2,5.2,7.7,15.2,33.9,23.7,18.6,1.7,4.2,3.5,3.8
654,2019-10-17,30.9,3.0,0.0,6.8,16.7,9.1,8.5,5.4,1.3,3.4,14.3,16.7,17.2,8.8,16.3,28.3,6.7,10.7,19.5,43.4,31.2,23.7,2.2,5.3,4.5,5.0
655,2019-10-18,38.8,3.8,0.0,8.7,21.4,11.5,10.8,6.9,1.7,4.3,18.5,21.2,21.7,11.3,17.5,35.7,8.4,13.0,24.7,54.1,39.3,29.9,2.8,6.7,5.8,6.2
656,2019-10-19,30.6,3.0,0.0,6.7,16.5,8.9,8.4,5.4,1.4,3.4,14.5,16.5,16.8,8.9,11.9,27.6,6.7,8.3,19.2,41.4,31.4,23.1,2.2,4.9,4.4,4.9
657,2019-10-20,36.5,3.5,0.0,7.9,19.7,10.7,10.0,6.3,1.7,4.0,17.1,19.8,20.1,10.9,19.0,33.0,7.9,12.4,23.0,47.8,37.5,27.5,2.6,6.1,5.3,5.7
658,2019-10-21,41.9,4.0,0.0,9.1,22.5,12.3,11.4,7.3,1.9,4.7,19.5,22.6,23.0,12.6,19.3,37.6,9.1,13.9,26.3,57.4,42.9,31.4,2.9,7.1,6.0,6.5
659,2019-10-22,43.1,4.0,0.0,9.3,23.0,12.5,11.5,7.4,1.9,4.8,19.9,23.1,23.0,12.8,21.7,38.3,9.4,15.0,26.8,56.3,43.9,32.1,3.0,7.3,6.1,7.8
660,2019-10-23,45.5,4.3,0.0,9.7,24.3,13.2,12.0,7.9,2.0,5.0,20.9,24.4,24.1,13.2,21.8,40.4,9.8,15.0,28.3,58.5,46.3,33.9,3.1,7.1,6.5,8.4
661,2019-10-24,45.9,4.2,0.0,9.7,24.4,13.4,12.1,7.6,1.9,5.0,21.0,24.6,24.4,13.1,21.8,41.2,9.7,15.3,28.8,59.3,46.9,34.4,3.1,7.5,6.6,7.1
662,2019-10-25,33.7,3.3,0.0,7.2,17.8,9.9,9.0,6.1,1.4,3.6,15.3,18.1,17.6,9.6,17.9,30.4,6.9,12.7,21.2,50.8,34.1,25.3,2.3,7.2,4.9,6.3
663,2019-10-26,35.2,3.2,-0.0,7.4,18.7,10.3,9.3,5.8,1.5,3.7,15.9,18.8,18.7,10.0,15.9,31.8,7.2,10.7,22.2,45.7,35.5,26.5,2.4,5.7,5.1,6.0
664,2019-10-27,35.3,3.4,-0.0,7.5,18.7,10.3,9.3,6.3,1.4,3.8,15.8,18.6,20.1,9.9,13.2,31.8,7.2,8.9,22.2,47.0,34.8,26.4,2.4,5.3,5.1,6.8
665,2019-10-28,38.4,3.7,-0.0,8.2,20.6,11.2,10.1,6.9,1.5,4.0,17.4,20.5,22.2,10.6,21.7,34.6,7.7,15.0,24.1,58.8,38.7,28.7,2.6,7.2,5.5,7.5
666,2019-10-29,49.5,4.7,-0.0,11.0,26.7,14.2,12.8,8.7,2.0,5.1,22.8,26.1,26.7,13.6,22.2,44.2,9.9,15.2,30.4,66.1,48.5,36.6,3.3,7.9,6.9,9.5
667,2019-10-30,38.2,3.6,-0.0,8.6,20.6,10.9,10.0,6.7,1.5,4.1,18.4,20.1,21.0,10.4,20.0,34.1,8.0,13.9,23.3,53.9,38.7,28.2,2.6,6.3,5.3,7.4
668,2019-10-31,50.2,4.8,-0.0,10.8,26.6,14.4,13.3,8.8,2.1,5.3,23.2,25.9,28.3,13.9,23.0,45.0,10.1,16.9,30.7,71.6,51.2,37.2,3.4,8.4,7.1,8.4
669,2019-11-01,48.1,4.4,-0.0,10.5,25.3,13.8,12.7,8.0,2.0,5.0,22.2,24.9,26.8,13.4,19.2,42.7,9.6,14.4,29.4,64.2,48.6,35.4,3.2,7.8,6.8,7.7
670,2019-11-02,44.7,3.9,-0.0,9.8,23.4,12.7,11.6,7.0,1.8,4.9,20.7,23.1,24.5,12.2,11.2,39.2,9.4,8.1,27.1,60.5,45.3,32.7,3.0,6.7,6.2,5.7
671,2019-11-03,24.6,2.3,-0.0,5.5,12.8,7.0,6.6,4.3,1.0,2.8,11.8,12.5,14.7,6.8,14.9,21.5,5.4,10.6,15.0,29.8,25.2,18.0,1.6,3.3,3.5,3.5
672,2019-11-04,42.8,3.9,-0.0,10.5,22.3,12.3,11.6,7.2,1.8,5.0,21.8,21.8,27.2,12.1,15.6,37.6,9.6,11.1,26.2,68.1,44.1,31.5,2.9,6.6,6.1,5.9
673,2019-11-05,40.2,3.7,-0.0,10.9,21.0,11.4,10.7,6.5,1.7,4.6,22.3,20.5,24.0,11.4,19.7,35.0,8.9,13.7,24.2,64.3,41.8,29.3,2.6,7.5,5.6,5.0
674,2019-11-06,35.4,3.0,-0.0,8.1,18.7,9.9,9.2,5.3,1.5,4.1,17.1,18.0,20.4,9.8,18.5,30.0,7.9,12.4,20.7,49.2,36.3,24.9,2.3,6.0,4.8,4.2
675,2019-11-07,44.1,3.5,-0.0,10.0,23.3,12.3,11.3,6.5,1.8,5.0,21.0,22.5,25.2,11.9,15.7,36.2,9.7,10.7,25.7,61.6,44.8,30.1,2.8,7.4,6.0,5.4
676,2019-11-08,27.4,2.4,-0.0,6.0,14.2,7.7,7.1,4.4,1.1,3.1,12.6,13.9,14.8,7.4,14.0,23.1,6.0,8.6,16.2,31.3,28.1,19.5,1.8,4.0,3.8,3.6
677,2019-11-09,36.3,3.0,-0.0,7.8,18.6,10.3,9.6,5.4,1.5,3.9,16.7,18.5,19.7,10.0,19.7,31.0,7.5,13.7,21.8,51.3,37.2,26.4,2.4,6.7,5.0,4.5
678,2019-11-10,40.1,3.4,-0.0,8.4,21.1,11.2,10.4,6.2,1.6,4.1,17.9,20.7,20.8,10.8,22.1,33.9,7.9,16.0,23.8,56.6,40.0,28.6,2.5,7.8,5.5,5.6
679,2019-11-11,47.8,4.4,-0.0,9.8,25.1,13.4,12.4,8.0,2.0,4.7,20.9,24.3,24.7,13.0,20.9,40.7,9.0,15.3,28.4,62.8,47.1,34.3,3.0,7.9,6.5,7.8
680,2019-11-12,36.7,3.4,-0.0,7.7,19.7,10.6,9.8,6.3,1.5,3.8,16.7,19.6,19.2,10.2,21.1,32.2,7.2,15.1,22.5,51.8,37.2,27.0,2.4,6.7,5.2,6.4
681,2019-11-13,54.1,4.9,-0.0,11.0,29.4,15.4,14.3,9.0,2.2,5.4,24.2,28.7,27.5,14.9,23.0,47.2,10.3,16.8,32.8,68.3,54.5,39.5,3.5,8.7,7.5,9.2
682,2019-11-14,22.9,4.5,-0.0,4.8,12.4,6.6,6.1,8.4,0.9,2.3,10.4,12.3,12.2,6.3,20.4,20.3,4.4,15.8,14.1,65.8,23.1,16.9,1.5,8.3,3.2,8.8
683,2019-11-15,44.0,4.1,-0.0,8.9,23.6,12.5,11.6,7.7,1.8,4.5,19.4,23.2,23.4,12.0,19.0,38.5,8.5,13.2,26.8,59.0,44.2,32.0,2.9,7.2,6.1,8.5
684,2019-11-16,36.3,3.4,-0.0,7.5,19.6,10.3,9.5,6.3,1.5,3.7,16.1,19.2,19.4,9.8,16.5,31.9,7.1,11.7,22.0,50.5,36.1,26.5,2.4,6.3,5.0,7.0
685,2019-11-17,43.2,4.1,-0.0,9.2,23.4,12.3,11.2,7.7,1.7,4.5,19.7,23.0,23.5,11.7,20.8,38.2,8.7,14.2,26.4,59.3,43.3,31.6,2.8,7.3,5.9,8.6
686,2019-11-18,48.2,4.7,-0.0,10.6,26.0,13.8,12.6,8.7,1.9,5.2,22.7,25.7,27.1,13.1,24.4,43.1,9.9,17.0,29.7,68.8,48.9,35.5,3.1,8.2,6.6,9.8
687,2019-11-19,53.1,5.2,-0.0,11.6,28.8,15.4,13.8,9.6,2.2,5.7,25.0,28.6,30.6,14.6,23.9,48.1,10.9,16.8,32.8,75.7,54.8,39.6,3.5,8.9,7.2,10.5
688,2019-11-20,58.0,5.4,-0.0,12.9,31.4,16.6,15.1,9.9,2.4,6.4,27.3,31.5,32.3,15.8,28.1,52.3,12.1,19.0,35.8,80.3,59.3,42.9,3.8,9.8,7.8,10.7
689,2019-11-21,55.4,4.9,-0.0,12.1,29.0,15.5,14.1,8.9,2.2,6.1,25.8,28.6,29.4,14.8,21.1,48.6,11.7,15.7,33.6,72.7,56.2,40.0,3.5,8.8,7.3,8.6
690,2019-11-22,31.8,2.9,-0.0,7.0,17.1,8.9,7.9,5.4,1.3,3.5,15.0,17.0,18.1,8.5,22.9,27.8,6.7,15.4,19.5,48.4,32.5,23.0,2.0,6.3,4.1,5.3
691,2019-11-23,46.1,4.1,0.0,10.0,25.0,13.1,11.1,7.6,1.9,5.0,21.3,25.3,26.9,12.5,24.0,40.5,9.4,16.3,28.5,66.4,47.5,33.7,2.9,8.1,5.8,7.5
692,2019-11-24,52.3,4.8,0.0,12.4,28.1,14.6,12.5,8.8,2.1,5.5,25.7,27.9,29.2,13.9,24.8,45.1,10.3,17.3,31.9,73.2,53.0,37.7,3.2,9.0,6.5,8.7
693,2019-11-25,55.1,5.0,0.0,12.5,29.7,15.2,12.9,9.2,2.1,5.9,26.7,29.2,29.7,14.5,18.4,47.0,11.1,13.8,33.3,70.2,56.5,39.2,3.4,8.4,6.7,9.4
694,2019-11-26,36.2,3.3,0.0,8.0,19.8,10.2,8.7,6.1,1.4,4.0,17.3,20.0,19.4,9.8,17.8,31.6,7.5,11.3,22.4,48.0,37.6,26.4,2.3,5.9,4.6,6.7
695,2019-11-27,54.0,5.0,0.0,11.1,28.8,14.8,13.1,9.2,2.1,5.5,24.1,28.4,28.1,14.1,24.1,45.9,10.3,16.6,32.5,71.0,54.1,38.4,3.2,8.7,6.9,10.0
696,2019-11-28,56.3,5.1,0.0,11.5,30.3,15.4,13.5,9.5,2.1,5.7,24.8,30.0,30.6,14.7,22.0,48.1,10.6,16.0,33.7,70.9,56.0,39.9,3.4,8.3,7.2,10.6
697,2019-11-29,50.2,4.9,0.0,10.7,27.1,13.9,12.4,9.0,1.9,5.1,22.6,26.5,27.0,13.3,21.4,43.5,9.5,14.8,29.9,68.0,50.2,36.1,3.1,8.0,6.6,9.9
698,2019-11-30,39.9,3.6,0.0,8.5,21.7,11.1,9.7,6.7,1.5,4.1,18.2,20.0,21.0,10.6,20.0,34.8,7.7,14.5,22.6,60.1,40.0,28.7,2.5,7.6,5.2,7.3
699,2019-12-01,27.0,2.6,0.0,5.9,14.9,7.6,6.7,4.9,1.1,2.9,12.6,14.5,14.7,7.3,9.2,23.9,5.4,6.2,16.2,34.1,27.3,19.7,1.7,3.9,3.6,5.3
700,2019-12-02,21.6,2.1,0.0,4.7,11.9,6.1,5.6,3.9,0.9,2.3,10.1,11.7,11.7,5.8,13.5,19.1,4.4,9.5,12.9,32.9,21.9,15.8,1.4,3.8,2.9,4.3
701,2019-12-03,39.7,3.7,0.0,8.7,21.7,11.1,10.0,6.9,1.6,4.1,18.5,20.9,21.2,10.6,19.0,34.8,7.8,12.7,23.1,53.2,40.0,28.8,2.5,6.8,5.3,7.4
702,2019-12-04,50.5,4.6,0.0,10.8,27.1,14.1,12.3,8.3,2.0,5.4,23.2,26.2,28.4,13.5,23.6,44.3,10.3,16.2,29.7,67.4,51.3,36.7,3.2,8.0,6.5,7.9
703,2019-12-05,48.9,4.7,0.0,10.5,26.4,13.8,12.0,8.5,2.0,5.4,22.3,25.7,28.8,13.3,23.6,43.4,10.2,16.4,28.8,76.2,50.1,35.8,3.2,8.9,6.3,7.2
704,2019-12-06,41.1,3.6,0.0,10.0,22.0,11.5,10.0,6.5,1.6,4.3,20.4,21.3,23.1,11.0,22.8,35.6,8.2,15.6,24.0,60.9,41.2,29.6,2.6,7.8,5.3,5.6
705,2019-12-07,41.9,3.7,0.0,9.6,22.5,11.7,10.1,6.7,1.7,4.6,20.5,22.0,22.4,11.2,20.4,36.1,8.7,14.4,24.7,54.6,43.2,30.2,2.7,7.0,5.3,5.5
706,2019-12-08,38.4,3.2,0.0,8.4,20.9,10.8,9.4,5.9,1.5,4.4,18.1,20.4,20.3,10.4,24.8,33.2,8.3,16.9,22.7,54.5,39.5,27.9,2.5,7.2,4.9,4.8
707,2019-12-09,48.5,4.4,0.0,10.1,26.0,13.4,11.7,8.0,1.9,5.3,21.9,25.3,25.4,12.9,25.7,41.1,10.2,17.8,28.3,68.8,48.8,34.6,3.1,8.5,6.2,6.8
708,2019-12-10,48.3,4.4,0.0,10.2,25.8,13.4,11.7,8.1,1.9,5.1,21.7,25.3,24.3,12.9,26.6,41.1,9.6,18.6,28.4,64.5,48.5,34.6,3.1,8.7,6.2,7.4
709,2019-12-11,40.3,3.7,0.0,7.9,21.6,11.3,9.6,6.9,1.6,4.3,17.6,21.3,19.5,10.8,23.2,34.5,8.2,15.4,23.9,50.2,40.6,29.1,2.6,6.9,5.1,7.0
710,2019-12-12,51.0,4.9,0.0,9.9,27.4,14.3,11.9,9.0,2.0,5.5,20.8,26.8,21.9,13.7,24.8,44.0,10.5,17.9,30.3,57.2,47.8,36.9,3.2,8.3,6.3,9.0
711,2019-12-13,36.6,3.4,0.0,6.8,20.0,10.4,8.5,6.4,1.4,3.9,14.9,19.7,17.0,10.0,21.6,32.1,7.3,14.2,21.9,43.2,34.4,26.9,2.4,6.1,4.6,7.1
712,2019-12-14,47.0,4.2,0.0,8.9,25.9,13.5,10.9,8.0,1.8,5.1,19.1,25.4,22.6,12.8,24.0,41.7,9.6,16.5,28.3,56.9,44.1,34.8,3.1,7.6,5.9,9.1
713,2019-12-15,40.5,3.6,0.0,7.5,22.4,11.7,9.5,6.8,1.6,4.5,16.0,22.0,20.7,11.1,21.1,36.6,8.6,14.0,24.8,47.2,37.8,30.4,2.7,6.1,5.1,7.6
714,2019-12-16,53.1,5.2,0.0,10.3,29.9,15.6,12.7,9.7,2.1,6.3,21.3,30.2,28.7,14.9,25.0,49.2,12.1,17.3,34.1,65.1,48.6,40.7,3.7,7.8,6.8,10.8
715,2019-12-17,46.9,5.1,0.0,9.7,26.5,14.1,11.6,9.2,1.9,5.8,19.9,25.8,25.8,13.4,23.8,44.6,11.3,16.0,29.2,64.7,43.5,36.7,3.4,7.5,6.2,9.8
716,2019-12-18,53.6,5.4,0.0,11.5,30.4,16.7,13.8,10.1,2.3,6.4,23.8,30.0,30.2,16.0,27.3,52.7,12.5,19.3,34.7,75.4,52.0,43.2,4.0,9.4,7.3,10.8
717,2019-12-19,54.8,5.8,0.0,11.9,30.5,17.3,14.4,10.8,2.4,6.4,24.7,30.2,31.8,16.6,28.3,54.4,12.5,20.5,36.3,81.4,53.2,44.9,4.2,10.3,7.6,11.5
718,2019-12-20,40.3,4.3,0.0,8.7,22.8,12.4,10.1,7.9,1.7,4.6,17.9,22.2,22.4,11.8,26.7,38.5,9.0,20.2,25.9,50.1,38.1,32.0,2.9,7.5,5.5,8.4
719,2019-12-21,46.9,4.7,0.0,9.8,26.0,14.1,11.5,8.7,1.9,5.2,20.7,25.4,26.9,13.5,22.9,43.9,9.8,16.9,29.7,70.2,44.4,36.5,3.3,8.4,6.2,9.4
720,2019-12-22,30.0,3.4,0.0,6.6,16.8,9.3,7.5,6.3,1.2,3.3,13.5,17.0,17.5,8.9,21.7,29.0,6.4,15.2,19.6,40.2,29.2,24.1,2.2,5.5,4.1,6.7
721,2019-12-23,41.3,4.3,-0.0,8.6,22.3,12.6,10.2,7.9,1.7,5.1,17.7,22.0,22.7,11.9,19.7,39.2,9.8,13.9,26.3,58.1,39.5,32.6,3.0,7.2,5.6,8.0
722,2019-12-24,43.7,4.4,-0.0,8.3,23.5,13.2,10.7,8.1,1.8,5.6,17.6,23.4,22.3,12.5,28.7,41.1,10.9,19.4,28.0,65.9,41.8,34.2,3.2,9.6,5.9,8.2
723,2019-12-25,48.8,5.0,-0.0,9.7,26.8,15.2,12.3,9.3,2.0,5.5,20.2,26.7,27.9,14.4,27.8,47.1,10.7,18.9,31.9,77.1,45.7,39.2,3.6,9.2,6.8,9.4
724,2019-12-26,53.5,5.6,-0.0,11.1,29.2,16.7,13.5,10.3,2.2,5.9,22.7,29.1,30.1,15.9,30.1,51.7,11.2,21.2,35.1,80.2,50.1,43.2,4.0,10.0,7.5,10.5
725,2019-12-27,53.1,5.3,-0.0,11.4,29.3,16.7,13.9,9.8,2.2,5.9,23.3,29.0,30.0,16.0,27.4,51.7,11.3,19.7,35.0,76.1,50.0,43.2,4.0,9.5,7.7,10.6
726,2019-12-28,43.4,4.4,-0.0,9.0,24.3,13.8,11.9,8.1,1.9,4.9,19.0,24.3,24.3,13.3,15.5,43.1,9.4,11.2,29.5,56.4,41.4,35.9,3.4,6.7,6.6,9.0
727,2019-12-29,39.7,4.3,-0.0,8.1,22.3,12.7,11.1,8.0,1.7,4.5,17.0,22.2,22.4,12.2,26.7,39.9,8.8,18.3,27.1,60.4,37.4,33.2,3.1,7.7,6.1,8.8
728,2019-12-30,44.2,4.8,-0.0,8.9,24.7,14.0,12.3,9.0,1.9,5.0,18.6,24.5,25.3,13.5,22.7,44.1,9.8,16.8,29.6,64.4,41.4,36.6,3.5,7.9,6.8,9.9
729,2019-12-31,46.8,5.1,-0.0,9.8,26.9,,13.1,9.4,2.0,5.4,20.2,27.4,27.3,14.5,24.0,47.5,10.6,,31.8,73.5,44.8,39.4,3.8,9.3,7.3,10.1
